County Name ,Race/Ethnicity,People Vaccinated with at least One Dose,People Fully Vaccinated ,Doses Administered,
Anderson,Asian,137,87,216,
Anderson,Black,"2,916",831,"3,586",
Anderson,Hispanic,"1,156",634,"1,684",
Anderson,Other,"1,674",377,"2,018",
Anderson,Unknown,904,597,"1,382",
Anderson,White,"7,670","4,758","11,656",
Andrews,Asian,28,19,47,
Andrews,Black,41,34,75,
Andrews,Hispanic,"2,331","1,978","4,298",
Andrews,Other,123,95,213,
Andrews,Unknown,"1,271","1,126","2,255",
Andrews,White,"2,018","1,691","3,678",
Angelina,Asian,291,182,462,
Angelina,Black,"2,961","2,132","4,885",
Angelina,Hispanic,"4,282","2,675","6,726",
Angelina,Other,"1,530",957,"2,434",
Angelina,Unknown,"3,928","3,459","7,306",
Angelina,White,"12,360","9,536","20,958",
Aransas,Asian,192,139,324,
Aransas,Black,60,39,96,
Aransas,Hispanic,"1,598","1,243","2,714",
Aransas,Other,"1,193",969,"2,133",
Aransas,Unknown,"1,248","1,081","2,315",
Aransas,White,"6,470","5,175","11,247",
Archer,Asian,14,7,20,
Archer,Black,49,13,56,
Archer,Hispanic,130,95,202,
Archer,Other,504,451,942,
Archer,Unknown,585,516,"1,091",
Archer,White,"1,698","1,460","2,937",
Armstrong,Asian,4,3,7,
Armstrong,Black,7,5,9,
Armstrong,Hispanic,33,21,53,
Armstrong,Other,53,47,99,
Armstrong,Unknown,137,125,262,
Armstrong,White,342,257,580,
Atascosa,Asian,76,49,125,
Atascosa,Black,56,31,82,
Atascosa,Hispanic,"7,105","4,648","11,288",
Atascosa,Other,"1,193",705,"1,835",
Atascosa,Unknown,"1,562","1,200","2,737",
Atascosa,White,"5,099","3,570","8,292",
Austin,Asian,82,62,136,
Austin,Black,606,447,958,
Austin,Hispanic,"1,926","1,228","2,941",
Austin,Other,"1,075",852,"1,906",
Austin,Unknown,926,758,"1,570",
Austin,White,"5,613","4,544","9,549",
Bailey,Asian,9,10,16,
Bailey,Black,5,3,7,
Bailey,Hispanic,597,451,950,
Bailey,Other,43,33,63,
Bailey,Unknown,"1,207","1,141","2,342",
Bailey,White,284,225,454,
Bandera,Asian,44,28,67,
Bandera,Black,81,68,142,
Bandera,Hispanic,837,568,"1,345",
Bandera,Other,513,400,865,
Bandera,Unknown,"1,287","1,015","2,131",
Bandera,White,"4,502","3,403","7,498",
Bastrop,Asian,358,176,524,
Bastrop,Black,878,582,"1,371",
Bastrop,Hispanic,"7,714","4,289","11,608",
Bastrop,Other,"9,523","6,502","15,852",
Bastrop,Unknown,"4,768","2,671","7,278",
Bastrop,White,"9,441","6,257","14,904",
Baylor,Asian,25,11,29,
Baylor,Black,17,9,23,
Baylor,Hispanic,72,42,99,
Baylor,Other,31,28,56,
Baylor,Unknown,560,525,"1,085",
Baylor,White,571,452,926,
Bee,Asian,80,63,142,
Bee,Black,592,87,671,
Bee,Hispanic,"3,354","2,751","5,912",
Bee,Other,"1,423",345,"1,755",
Bee,Unknown,"2,888","2,593","5,468",
Bee,White,"3,055","2,206","5,122",
Bell,Asian,"2,965","1,863","4,617",
Bell,Black,"10,295","6,506","15,948",
Bell,Hispanic,"12,602","7,493","19,207",
Bell,Other,"6,830","4,549","10,863",
Bell,Unknown,"12,027","9,360","21,105",
Bell,White,"37,501","27,805","62,539",
Bexar,Asian,"22,618","15,862","37,709",
Bexar,Black,"28,236","19,549","46,329",
Bexar,Hispanic,"346,721","243,490","577,748",
Bexar,Other,"77,613","52,986","125,523",
Bexar,Unknown,"75,380","54,073","127,934",
Bexar,White,"234,602","177,645","399,804",
Blanco,Asian,18,14,32,
Blanco,Black,24,17,38,
Blanco,Hispanic,573,347,876,
Blanco,Other,254,183,411,
Blanco,Unknown,352,277,608,
Blanco,White,"3,686","3,028","6,532",
Borden,Asian,2,1,2,
Borden,Black,1,0,1,
Borden,Hispanic,23,18,36,
Borden,Other,15,13,27,
Borden,Unknown,14,12,26,
Borden,White,97,88,173,
Bosque,Asian,21,16,36,
Bosque,Black,52,45,88,
Bosque,Hispanic,520,387,862,
Bosque,Other,461,386,825,
Bosque,Unknown,"1,234",987,"2,185",
Bosque,White,"3,935","3,304","6,790",
Bowie,Asian,461,360,812,
Bowie,Black,"3,466","2,763","5,803",
Bowie,Hispanic,"1,318",967,"2,158",
Bowie,Other,"1,534","1,301","2,773",
Bowie,Unknown,"1,473","1,011","2,310",
Bowie,White,"11,998","10,035","20,623",
Brazoria,Asian,"12,466","9,862","21,692",
Brazoria,Black,"18,288","13,306","30,395",
Brazoria,Hispanic,"30,954","22,297","51,129",
Brazoria,Other,"20,406","16,208","35,720",
Brazoria,Unknown,"9,453","7,135","16,290",
Brazoria,White,"51,634","40,296","87,978",
Brazos,Asian,"7,275","4,975","12,114",
Brazos,Black,"5,326","3,655","8,532",
Brazos,Hispanic,"14,656","9,258","23,305",
Brazos,Other,"5,198","3,536","8,524",
Brazos,Unknown,"6,043","2,875","8,580",
Brazos,White,"47,538","35,483","80,521",
Brewster,Asian,36,28,63,
Brewster,Black,19,13,28,
Brewster,Hispanic,"1,476","1,194","2,535",
Brewster,Other,227,175,395,
Brewster,Unknown,681,570,"1,208",
Brewster,White,"1,864","1,592","3,236",
Briscoe,Black,9,7,15,
Briscoe,Hispanic,97,83,178,
Briscoe,Other,13,10,23,
Briscoe,Unknown,39,37,76,
Briscoe,White,306,282,576,
Brooks,Asian,7,7,14,
Brooks,Black,6,4,10,
Brooks,Hispanic,"2,028","1,730","3,643",
Brooks,Other,123,96,212,
Brooks,Unknown,260,227,486,
Brooks,White,655,549,"1,182",
Brown,Asian,76,62,113,
Brown,Black,185,129,264,
Brown,Hispanic,"1,106",858,"1,650",
Brown,Other,"1,339","1,103","2,209",
Brown,Unknown,"2,572","2,384","4,018",
Brown,White,"4,868","4,150","7,592",
Burleson,Asian,39,21,58,
Burleson,Black,600,449,967,
Burleson,Hispanic,736,505,"1,152",
Burleson,Other,378,318,670,
Burleson,Unknown,461,322,704,
Burleson,White,"3,846","3,044","6,563",
Burnet,Asian,168,93,247,
Burnet,Black,168,92,237,
Burnet,Hispanic,"1,589",933,"2,343",
Burnet,Other,"1,259",904,"2,063",
Burnet,Unknown,"1,583","1,192","2,647",
Burnet,White,"11,977","8,735","19,705",
Caldwell,Asian,74,41,108,
Caldwell,Black,427,258,639,
Caldwell,Hispanic,"4,804","2,999","7,377",
Caldwell,Other,"1,518","1,027","2,470",
Caldwell,Unknown,"2,505","1,820","4,013",
Caldwell,White,"4,958","3,533","7,900",
Calhoun,Asian,471,373,799,
Calhoun,Black,167,127,273,
Calhoun,Hispanic,"2,717","2,074","4,351",
Calhoun,Other,292,201,443,
Calhoun,Unknown,739,560,"1,275",
Calhoun,White,"3,283","2,784","5,566",
Callahan,Asian,24,19,38,
Callahan,Black,4,3,7,
Callahan,Hispanic,219,156,354,
Callahan,Other,122,94,202,
Callahan,Unknown,746,674,"1,407",
Callahan,White,"2,455","2,117","4,245",
Cameron,Asian,783,546,"1,263",
Cameron,Black,342,217,533,
Cameron,Hispanic,"140,533","88,645","220,740",
Cameron,Other,"5,874","3,748","9,271",
Cameron,Unknown,"33,802","27,945","61,362",
Cameron,White,"25,460","18,574","42,019",
Camp,Asian,36,22,53,
Camp,Black,513,352,826,
Camp,Hispanic,460,204,643,
Camp,Other,242,185,422,
Camp,Unknown,411,361,770,
Camp,White,"1,917","1,490","3,295",
Carson,Asian,7,5,12,
Carson,Black,6,6,10,
Carson,Hispanic,101,76,176,
Carson,Other,45,32,72,
Carson,Unknown,308,286,591,
Carson,White,987,814,"1,755",
Cass,Asian,48,33,80,
Cass,Black,982,764,"1,608",
Cass,Hispanic,356,240,575,
Cass,Other,592,503,"1,083",
Cass,Unknown,522,358,795,
Cass,White,"4,434","3,570","7,323",
Castro,Asian,5,5,10,
Castro,Black,23,14,35,
Castro,Hispanic,"1,167",865,"1,947",
Castro,Other,76,30,104,
Castro,Unknown,205,175,376,
Castro,White,697,599,"1,269",
Chambers,Asian,304,190,476,
Chambers,Black,945,620,"1,534",
Chambers,Hispanic,"2,075","1,167","3,178",
Chambers,Other,680,419,"1,085",
Chambers,Unknown,944,594,"1,507",
Chambers,White,"7,832","4,888","12,417",
Cherokee,Asian,95,74,151,
Cherokee,Black,"1,557","1,011","2,370",
Cherokee,Hispanic,"1,274",765,"1,884",
Cherokee,Other,774,431,"1,166",
Cherokee,Unknown,"1,890","1,665","3,385",
Cherokee,White,"6,728","5,431","11,535",
Childress,Asian,33,24,54,
Childress,Black,153,59,197,
Childress,Hispanic,407,332,651,
Childress,Other,225,48,268,
Childress,Unknown,157,127,283,
Childress,White,"1,516","1,288","2,604",
Clay,Asian,15,14,28,
Clay,Black,13,10,23,
Clay,Hispanic,106,87,187,
Clay,Other,150,126,257,
Clay,Unknown,521,471,981,
Clay,White,"2,556","2,313","4,680",
Cochran,Asian,19,7,25,
Cochran,Black,16,9,23,
Cochran,Hispanic,384,323,632,
Cochran,Other,95,87,175,
Cochran,Unknown,142,132,260,
Cochran,White,239,223,404,
Coke,Asian,1,0,1,
Coke,Black,1,0,1,
Coke,Hispanic,125,99,223,
Coke,Other,83,67,150,
Coke,Unknown,40,32,70,
Coke,White,744,600,"1,316",
Coleman,Asian,11,8,18,
Coleman,Black,8,8,14,
Coleman,Hispanic,132,110,227,
Coleman,Other,108,44,142,
Coleman,Unknown,"1,011",822,"1,797",
Coleman,White,956,860,"1,708",
Collin,Asian,"94,666","68,450","159,453",
Collin,Black,"32,233","22,332","53,107",
Collin,Hispanic,"50,832","33,725","81,799",
Collin,Other,"46,358","35,493","80,776",
Collin,Unknown,"34,550","25,623","59,098",
Collin,White,"216,398","166,062","373,546",
Collingsworth,Asian,2,2,4,
Collingsworth,Black,13,11,22,
Collingsworth,Hispanic,129,98,200,
Collingsworth,Other,64,58,122,
Collingsworth,Unknown,74,57,131,
Collingsworth,White,507,456,897,
Colorado,Asian,51,42,90,
Colorado,Black,673,546,"1,084",
Colorado,Hispanic,"1,354",987,"2,056",
Colorado,Other,702,508,"1,146",
Colorado,Unknown,903,681,"1,435",
Colorado,White,"4,507","3,800","7,624",
Comal,Asian,855,554,"1,357",
Comal,Black,"1,054",754,"1,729",
Comal,Hispanic,"11,136","7,411","17,590",
Comal,Other,"5,505","3,765","8,817",
Comal,Unknown,"6,540","4,611","10,887",
Comal,White,"37,652","28,188","62,376",
Comanche,Asian,15,7,20,
Comanche,Black,6,2,7,
Comanche,Hispanic,519,399,814,
Comanche,Other,141,111,237,
Comanche,Unknown,"1,691","1,533","3,120",
Comanche,White,"1,988","1,681","3,369",
Concho,Asian,2,2,4,
Concho,Black,3,2,5,
Concho,Hispanic,156,108,249,
Concho,Other,56,47,102,
Concho,Unknown,234,199,425,
Concho,White,509,452,914,
Cooke,Asian,131,76,201,
Cooke,Black,186,105,279,
Cooke,Hispanic,791,380,"1,106",
Cooke,Other,578,418,977,
Cooke,Unknown,"2,027","1,720","3,619",
Cooke,White,"6,569","4,197","10,336",
Coryell,Asian,313,208,497,
Coryell,Black,"1,981",702,"2,610",
Coryell,Hispanic,"1,555",960,"2,416",
Coryell,Other,"1,834",693,"2,455",
Coryell,Unknown,"2,008","1,518","3,486",
Coryell,White,"9,271","6,273","14,940",
Cottle,Black,10,9,18,
Cottle,Hispanic,72,61,125,
Cottle,Other,86,76,162,
Cottle,Unknown,23,20,43,
Cottle,White,238,210,410,
Crane,Asian,4,3,7,
Crane,Black,4,3,6,
Crane,Hispanic,681,397,"1,073",
Crane,Other,102,63,164,
Crane,Unknown,83,64,147,
Crane,White,419,286,692,
Crockett,Asian,8,7,15,
Crockett,Black,4,3,7,
Crockett,Hispanic,491,384,862,
Crockett,Other,152,132,283,
Crockett,Unknown,50,46,92,
Crockett,White,334,282,609,
Crosby,Asian,6,4,10,
Crosby,Black,36,33,67,
Crosby,Hispanic,734,605,"1,315",
Crosby,Other,126,82,206,
Crosby,Unknown,299,260,557,
Crosby,White,727,640,"1,345",
Culberson,Asian,31,25,56,
Culberson,Hispanic,549,486,"1,033",
Culberson,Other,32,28,60,
Culberson,Unknown,185,177,362,
Culberson,White,144,126,267,
Dallam,Asian,13,7,20,
Dallam,Black,18,15,30,
Dallam,Hispanic,835,585,"1,411",
Dallam,Other,235,145,379,
Dallam,Unknown,836,673,"1,508",
Dallam,White,461,323,756,
Dallas,Asian,"91,195","64,576","151,063",
Dallas,Black,"143,005","101,661","237,334",
Dallas,Hispanic,"294,039","191,149","468,348",
Dallas,Other,"87,749","60,907","145,848",
Dallas,Unknown,"59,362","42,170","99,571",
Dallas,White,"334,722","260,287","576,725",
Dawson,Asian,12,8,19,
Dawson,Black,170,60,225,
Dawson,Hispanic,"1,015",704,"1,655",
Dawson,Other,176,101,259,
Dawson,Unknown,447,418,856,
Dawson,White,960,665,"1,580",
Deaf Smith,Asian,28,21,46,
Deaf Smith,Black,30,20,50,
Deaf Smith,Hispanic,"2,646","1,886","4,130",
Deaf Smith,Other,199,155,340,
Deaf Smith,Unknown,654,573,"1,201",
Deaf Smith,White,"1,256","1,050","2,227",
Delta,Asian,8,5,12,
Delta,Black,56,42,95,
Delta,Hispanic,61,37,95,
Delta,Other,88,72,156,
Delta,Unknown,229,193,417,
Delta,White,803,683,"1,427",
Denton,Asian,"45,439","33,466","76,730",
Denton,Black,"24,660","17,644","41,016",
Denton,Hispanic,"53,059","36,329","87,043",
Denton,Other,"27,877","20,963","47,874",
Denton,Unknown,"23,561","17,952","40,211",
Denton,White,"199,992","159,925","351,821",
DeWitt,Asian,43,28,68,
DeWitt,Black,313,222,514,
DeWitt,Hispanic,"1,094",857,"1,787",
DeWitt,Other,523,364,874,
DeWitt,Unknown,470,344,803,
DeWitt,White,"3,413","2,910","6,017",
Dickens,Asian,5,3,8,
Dickens,Black,5,4,9,
Dickens,Hispanic,70,60,122,
Dickens,Other,29,21,50,
Dickens,Unknown,46,36,78,
Dickens,White,393,358,702,
Dimmit,Asian,26,22,48,
Dimmit,Black,25,18,43,
Dimmit,Hispanic,"3,228","2,353","5,562",
Dimmit,Other,166,129,294,
Dimmit,Unknown,649,548,"1,196",
Dimmit,White,370,257,615,
Donley,Asian,5,4,9,
Donley,Black,15,10,25,
Donley,Hispanic,61,33,92,
Donley,Other,237,199,435,
Donley,Unknown,113,87,199,
Donley,White,574,417,949,
Duval,Asian,15,15,30,
Duval,Black,42,12,54,
Duval,Hispanic,"3,140","2,507","5,326",
Duval,Other,206,133,332,
Duval,Unknown,515,421,920,
Duval,White,943,702,"1,598",
Eastland,Asian,44,29,64,
Eastland,Black,41,24,62,
Eastland,Hispanic,458,318,725,
Eastland,Other,285,229,423,
Eastland,Unknown,653,519,"1,151",
Eastland,White,"3,352","2,808","5,727",
Ector,Asian,748,593,"1,319",
Ector,Black,"1,172",898,"2,000",
Ector,Hispanic,"14,478","10,361","24,330",
Ector,Other,"4,308","3,703","7,707",
Ector,Unknown,"5,060","4,289","9,271",
Ector,White,"18,978","16,833","34,921",
Edwards,Black,1,1,2,
Edwards,Hispanic,170,135,303,
Edwards,Other,17,12,29,
Edwards,Unknown,37,30,65,
Edwards,White,304,274,566,
El Paso,Asian,"2,778","1,611","4,305",
El Paso,Black,"3,174","1,734","4,717",
El Paso,Hispanic,"300,519","197,079","481,819",
El Paso,Other,"8,698","5,369","13,478",
El Paso,Unknown,"63,761","51,157","113,883",
El Paso,White,"36,103","23,525","58,057",
Ellis,Asian,652,448,"1,082",
Ellis,Black,"7,431","5,450","12,506",
Ellis,Hispanic,"10,003","6,616","16,087",
Ellis,Other,"3,855","2,698","6,382",
Ellis,Unknown,"4,472","3,180","7,102",
Ellis,White,"35,672","27,760","61,393",
Erath,Asian,131,96,222,
Erath,Black,74,52,123,
Erath,Hispanic,"1,396",931,"2,243",
Erath,Other,551,427,955,
Erath,Unknown,"1,298","1,071","2,317",
Erath,White,"7,230","5,986","12,720",
Falls,Asian,40,23,63,
Falls,Black,779,473,"1,220",
Falls,Hispanic,686,488,"1,147",
Falls,Other,393,160,533,
Falls,Unknown,920,776,"1,684",
Falls,White,"2,201","1,450","3,534",
Fannin,Asian,55,41,89,
Fannin,Black,394,190,531,
Fannin,Hispanic,669,330,909,
Fannin,Other,486,355,811,
Fannin,Unknown,"1,544","1,370","2,840",
Fannin,White,"6,131","4,993","10,348",
Fayette,Asian,42,25,63,
Fayette,Black,301,213,455,
Fayette,Hispanic,979,646,"1,469",
Fayette,Other,"1,564","1,319","2,779",
Fayette,Unknown,936,673,"1,558",
Fayette,White,"5,496","4,406","9,121",
Fisher,Asian,1,0,1,
Fisher,Black,9,7,14,
Fisher,Hispanic,171,138,289,
Fisher,Other,37,19,54,
Fisher,Unknown,238,214,450,
Fisher,White,539,451,904,
Floyd,Asian,3,3,5,
Floyd,Black,23,20,42,
Floyd,Hispanic,692,570,"1,222",
Floyd,Other,76,56,129,
Floyd,Unknown,235,203,423,
Floyd,White,771,678,"1,401",
Foard,Black,14,13,25,
Foard,Hispanic,33,17,45,
Foard,Other,5,4,9,
Foard,Unknown,168,139,306,
Foard,White,188,147,315,
Fort Bend,Asian,"88,116","68,062","152,157",
Fort Bend,Black,"53,061","38,631","88,383",
Fort Bend,Hispanic,"69,141","47,339","112,527",
Fort Bend,Other,"43,936","34,344","76,705",
Fort Bend,Unknown,"27,188","18,743","44,929",
Fort Bend,White,"109,126","85,537","189,014",
Franklin,Asian,23,18,38,
Franklin,Black,90,65,142,
Franklin,Hispanic,237,124,343,
Franklin,Other,122,90,209,
Franklin,Unknown,371,242,597,
Franklin,White,"1,869","1,537","3,182",
Freestone,Asian,40,26,65,
Freestone,Black,642,399,983,
Freestone,Hispanic,333,201,490,
Freestone,Other,563,287,837,
Freestone,Unknown,307,215,488,
Freestone,White,"2,988","2,191","4,792",
Frio,Asian,30,18,46,
Frio,Black,105,6,109,
Frio,Hispanic,"3,415","2,676","5,522",
Frio,Other,523,153,653,
Frio,Unknown,642,541,"1,161",
Frio,White,948,697,"1,543",
Gaines,Asian,17,16,31,
Gaines,Black,32,30,52,
Gaines,Hispanic,"1,079",782,"1,686",
Gaines,Other,148,100,219,
Gaines,Unknown,"1,067",942,"1,962",
Gaines,White,747,606,"1,256",
Galveston,Asian,"7,328","5,900","13,059",
Galveston,Black,"13,693","10,710","23,852",
Galveston,Hispanic,"26,017","19,705","44,911",
Galveston,Other,"30,221","26,768","56,710",
Galveston,Unknown,"5,690","3,941","9,517",
Galveston,White,"54,515","43,099","95,080",
Garza,Asian,10,7,13,
Garza,Black,44,35,64,
Garza,Hispanic,782,594,"1,043",
Garza,Other,81,51,122,
Garza,Unknown,63,57,119,
Garza,White,642,587,"1,166",
Gillespie,Asian,68,35,97,
Gillespie,Black,16,11,27,
Gillespie,Hispanic,908,491,"1,344",
Gillespie,Other,382,253,607,
Gillespie,Unknown,"2,774","2,516","5,249",
Gillespie,White,"6,727","5,300","11,596",
Glasscock,Asian,2,1,3,
Glasscock,Black,1,0,1,
Glasscock,Hispanic,161,132,283,
Glasscock,Other,53,38,88,
Glasscock,Unknown,50,42,92,
Glasscock,White,206,176,370,
Goliad,Asian,10,7,17,
Goliad,Black,51,45,85,
Goliad,Hispanic,472,397,816,
Goliad,Other,48,40,87,
Goliad,Unknown,593,541,"1,125",
Goliad,White,"1,112",966,"1,951",
Gonzales,Asian,28,20,45,
Gonzales,Black,279,232,461,
Gonzales,Hispanic,"2,175","1,770","3,477",
Gonzales,Other,375,266,615,
Gonzales,Unknown,"1,186","1,046","2,088",
Gonzales,White,"2,665","2,343","4,595",
Gray,Asian,48,36,81,
Gray,Black,175,78,239,
Gray,Hispanic,763,534,"1,264",
Gray,Other,612,359,939,
Gray,Unknown,990,822,"1,798",
Gray,White,"3,132","2,510","5,339",
Grayson,Asian,425,304,633,
Grayson,Black,"1,513","1,152","2,291",
Grayson,Hispanic,"3,049","1,768","4,249",
Grayson,Other,"3,452","2,497","5,769",
Grayson,Unknown,"6,844","5,831","12,170",
Grayson,White,"24,365","19,560","39,705",
Gregg,Asian,578,435,992,
Gregg,Black,"5,463","4,255","9,418",
Gregg,Hispanic,"3,778","2,786","6,384",
Gregg,Other,"3,481","2,903","6,214",
Gregg,Unknown,"4,346","3,655","7,832",
Gregg,White,"18,931","15,856","33,965",
Grimes,Asian,55,45,97,
Grimes,Black,969,689,"1,549",
Grimes,Hispanic,"1,326",820,"2,025",
Grimes,Other,824,539,"1,346",
Grimes,Unknown,"1,211",666,"1,797",
Grimes,White,"5,235","4,001","8,802",
Guadalupe,Asian,"1,164",781,"1,825",
Guadalupe,Black,"3,158","2,219","5,013",
Guadalupe,Hispanic,"15,225","10,671","23,467",
Guadalupe,Other,"4,412","3,013","7,033",
Guadalupe,Unknown,"7,254","5,792","12,433",
Guadalupe,White,"25,197","18,951","40,086",
Hale,Asian,45,32,75,
Hale,Black,228,146,340,
Hale,Hispanic,"3,591","2,945","6,075",
Hale,Other,603,404,940,
Hale,Unknown,"1,392","1,206","2,574",
Hale,White,"2,806","2,378","4,899",
Hall,Asian,8,6,14,
Hall,Black,38,31,64,
Hall,Hispanic,269,217,441,
Hall,Other,85,69,150,
Hall,Unknown,51,43,93,
Hall,White,558,499,993,
Hamilton,Asian,15,10,23,
Hamilton,Black,11,4,14,
Hamilton,Hispanic,192,144,293,
Hamilton,Other,55,45,97,
Hamilton,Unknown,674,601,"1,247",
Hamilton,White,"2,088","1,745","3,437",
Hansford,Asian,6,5,11,
Hansford,Black,2,2,4,
Hansford,Hispanic,622,568,988,
Hansford,Other,27,22,45,
Hansford,Unknown,418,387,804,
Hansford,White,628,586,"1,047",
Hardeman,Asian,8,8,15,
Hardeman,Black,35,26,49,
Hardeman,Hispanic,126,104,195,
Hardeman,Other,13,10,19,
Hardeman,Unknown,639,608,"1,245",
Hardeman,White,505,433,806,
Hardin,Asian,160,110,263,
Hardin,Black,656,464,"1,079",
Hardin,Hispanic,544,337,853,
Hardin,Other,899,692,"1,568",
Hardin,Unknown,"1,893","1,583","3,431",
Hardin,White,"9,972","7,819","17,368",
Harris,Asian,"163,640","118,302","272,320",
Harris,Black,"193,343","128,929","306,441",
Harris,Hispanic,"571,987","353,633","883,818",
Harris,Other,"176,082","134,792","302,245",
Harris,Unknown,"158,700","95,744","250,465",
Harris,White,"557,200","418,177","941,658",
Harrison,Asian,148,113,235,
Harrison,Black,"2,892","2,295","4,778",
Harrison,Hispanic,"1,144",795,"1,752",
Harrison,Other,"1,342","1,037","2,330",
Harrison,Unknown,"2,094","1,599","3,456",
Harrison,White,"8,579","7,196","14,661",
Hartley,Asian,6,4,10,
Hartley,Black,70,34,104,
Hartley,Hispanic,504,325,825,
Hartley,Other,206,103,308,
Hartley,Unknown,627,505,"1,131",
Hartley,White,597,437,"1,030",
Haskell,Asian,14,7,21,
Haskell,Black,44,31,71,
Haskell,Hispanic,334,227,531,
Haskell,Other,55,45,97,
Haskell,Unknown,302,278,578,
Haskell,White,"1,095",873,"1,865",
Hays,Asian,"1,961","1,280","3,122",
Hays,Black,"2,193","1,348","3,356",
Hays,Hispanic,"22,167","14,609","35,240",
Hays,Other,"8,440","5,794","13,441",
Hays,Unknown,"15,719","11,059","25,307",
Hays,White,"45,711","34,502","76,867",
Hemphill,Asian,8,7,12,
Hemphill,Black,3,2,3,
Hemphill,Hispanic,308,271,457,
Hemphill,Other,98,83,170,
Hemphill,Unknown,192,170,353,
Hemphill,White,677,613,"1,154",
Henderson,Asian,208,125,327,
Henderson,Black,991,747,"1,660",
Henderson,Hispanic,"1,815","1,181","2,873",
Henderson,Other,"1,192",970,"2,130",
Henderson,Unknown,"2,838","2,382","4,798",
Henderson,White,"15,008","11,888","25,695",
Hidalgo,Asian,"2,347","1,681","3,913",
Hidalgo,Black,825,500,"1,266",
Hidalgo,Hispanic,"301,440","211,989","498,561",
Hidalgo,Other,"14,787","9,526","22,962",
Hidalgo,Unknown,"26,529","19,995","45,967",
Hidalgo,White,"54,035","41,037","90,016",
Hill,Asian,92,58,146,
Hill,Black,397,276,627,
Hill,Hispanic,"1,314",895,"2,075",
Hill,Other,582,491,"1,004",
Hill,Unknown,"1,129",899,"1,913",
Hill,White,"6,865","5,692","11,530",
Hockley,Asian,30,22,48,
Hockley,Black,127,99,216,
Hockley,Hispanic,"2,425","2,003","4,181",
Hockley,Other,447,326,729,
Hockley,Unknown,"1,146","1,054","2,064",
Hockley,White,"2,699","2,344","4,758",
Hood,Asian,215,159,364,
Hood,Black,91,61,151,
Hood,Hispanic,"1,609","1,173","2,726",
Hood,Other,"1,209",898,"2,090",
Hood,Unknown,"1,614","1,407","2,992",
Hood,White,"17,604","15,089","31,918",
Hopkins,Asian,105,70,174,
Hopkins,Black,567,399,931,
Hopkins,Hispanic,"1,021",624,"1,563",
Hopkins,Other,940,775,"1,658",
Hopkins,Unknown,819,622,"1,339",
Hopkins,White,"5,989","4,840","10,441",
Houston,Asian,94,28,120,
Houston,Black,"1,292",843,"1,976",
Houston,Hispanic,803,429,"1,177",
Houston,Other,511,290,756,
Houston,Unknown,514,389,855,
Houston,White,"3,465","2,722","5,793",
Howard,Asian,72,50,116,
Howard,Black,95,69,144,
Howard,Hispanic,"1,157",729,"1,531",
Howard,Other,"2,213","1,909","4,093",
Howard,Unknown,"1,099",881,"1,920",
Howard,White,"2,873","2,378","4,948",
Hudspeth,Asian,5,3,8,
Hudspeth,Black,17,12,26,
Hudspeth,Hispanic,"1,491","1,135","2,544",
Hudspeth,Other,40,36,73,
Hudspeth,Unknown,197,169,362,
Hudspeth,White,202,149,321,
Hunt,Asian,382,249,592,
Hunt,Black,"1,332",946,"2,173",
Hunt,Hispanic,"3,069","1,827","4,633",
Hunt,Other,"1,389",990,"2,337",
Hunt,Unknown,"2,857","2,375","5,083",
Hunt,White,"15,687","12,291","26,901",
Hutchinson,Asian,40,29,68,
Hutchinson,Black,87,68,153,
Hutchinson,Hispanic,910,700,"1,568",
Hutchinson,Other,326,260,582,
Hutchinson,Unknown,819,662,"1,479",
Hutchinson,White,"3,088","2,532","5,459",
Irion,Black,2,2,4,
Irion,Hispanic,93,80,172,
Irion,Other,92,81,169,
Irion,Unknown,21,17,36,
Irion,White,249,202,445,
Jack,Asian,15,9,20,
Jack,Black,77,14,88,
Jack,Hispanic,256,196,391,
Jack,Other,106,56,159,
Jack,Unknown,295,262,549,
Jack,White,"1,534","1,301","2,675",
Jackson,Asian,42,25,64,
Jackson,Black,125,87,209,
Jackson,Hispanic,642,431,"1,020",
Jackson,Other,174,121,292,
Jackson,Unknown,"2,021","1,652","3,554",
Jackson,White,"1,619","1,338","2,871",
Jasper,Asian,75,54,128,
Jasper,Black,"1,130",941,"1,956",
Jasper,Hispanic,368,283,619,
Jasper,Other,342,274,606,
Jasper,Unknown,"2,209","1,941","4,077",
Jasper,White,"4,568","3,875","8,058",
Jeff Davis,Asian,2,2,4,
Jeff Davis,Black,3,0,3,
Jeff Davis,Hispanic,316,258,562,
Jeff Davis,Other,53,41,92,
Jeff Davis,Unknown,139,129,257,
Jeff Davis,White,557,493,"1,021",
Jefferson,Asian,"4,539","3,010","7,469",
Jefferson,Black,"19,647","14,205","33,547",
Jefferson,Hispanic,"9,346","5,394","14,630",
Jefferson,Other,"6,225","4,455","10,522",
Jefferson,Unknown,"9,201","7,083","16,206",
Jefferson,White,"27,164","20,239","46,847",
Jim Hogg,Asian,12,3,15,
Jim Hogg,Black,1,1,2,
Jim Hogg,Hispanic,"1,702","1,302","2,985",
Jim Hogg,Other,133,113,246,
Jim Hogg,Unknown,172,138,309,
Jim Hogg,White,362,310,664,
Jim Wells,Asian,68,55,118,
Jim Wells,Black,43,35,73,
Jim Wells,Hispanic,"9,356","7,740","16,655",
Jim Wells,Other,545,415,933,
Jim Wells,Unknown,"2,226","1,744","3,922",
Jim Wells,White,"3,537","2,897","6,236",
Johnson,Asian,746,547,"1,254",
Johnson,Black,"1,770","1,296","2,985",
Johnson,Hispanic,"7,091","4,863","11,607",
Johnson,Other,"3,331","2,350","5,553",
Johnson,Unknown,"4,203","3,477","7,484",
Johnson,White,"33,830","27,647","60,114",
Jones,Asian,29,20,49,
Jones,Black,434,86,512,
Jones,Hispanic,625,427,915,
Jones,Other,702,111,796,
Jones,Unknown,800,705,"1,494",
Jones,White,"2,618","1,822","4,115",
Karnes,Asian,38,26,59,
Karnes,Black,425,43,456,
Karnes,Hispanic,"1,592","1,259","2,474",
Karnes,Other,658,128,773,
Karnes,Unknown,851,698,"1,507",
Karnes,White,"1,987","1,419","3,056",
Kaufman,Asian,864,596,"1,397",
Kaufman,Black,"4,873","3,404","7,990",
Kaufman,Hispanic,"7,108","4,435","11,077",
Kaufman,Other,"2,650","1,891","4,458",
Kaufman,Unknown,"6,599","4,527","10,989",
Kaufman,White,"21,433","16,325","36,171",
Kendall,Asian,269,196,447,
Kendall,Black,140,106,239,
Kendall,Hispanic,"2,973","2,088","4,789",
Kendall,Other,"1,524","1,080","2,501",
Kendall,Unknown,"2,481","1,614","3,950",
Kendall,White,"13,330","10,205","22,489",
Kenedy,Hispanic,86,75,158,
Kenedy,Other,5,3,8,
Kenedy,Unknown,65,61,126,
Kenedy,White,20,17,37,
Kent,Hispanic,22,17,34,
Kent,Other,2,2,4,
Kent,Unknown,55,52,107,
Kent,White,144,121,247,
Kerr,Asian,166,91,237,
Kerr,Black,132,93,212,
Kerr,Hispanic,"1,947","1,252","3,039",
Kerr,Other,885,491,"1,321",
Kerr,Unknown,"2,019","1,774","3,705",
Kerr,White,"11,902","9,334","20,482",
Kimble,Asian,7,5,11,
Kimble,Black,2,2,4,
Kimble,Hispanic,71,46,113,
Kimble,Other,38,32,68,
Kimble,Unknown,118,85,200,
Kimble,White,"1,209","1,026","2,131",
King,Asian,2,0,2,
King,Hispanic,11,9,17,
King,Other,1,0,1,
King,Unknown,4,3,7,
King,White,26,19,44,
Kinney,Asian,4,2,6,
Kinney,Black,10,8,18,
Kinney,Hispanic,344,256,586,
Kinney,Other,42,36,78,
Kinney,Unknown,133,110,243,
Kinney,White,628,387,996,
Kleberg,Asian,374,280,653,
Kleberg,Black,207,159,357,
Kleberg,Hispanic,"7,567","6,311","13,587",
Kleberg,Other,563,433,987,
Kleberg,Unknown,"2,557","2,243","4,789",
Kleberg,White,"2,732","2,289","4,958",
Knox,Asian,6,6,11,
Knox,Black,34,34,56,
Knox,Hispanic,204,179,351,
Knox,Other,40,35,68,
Knox,Unknown,186,177,359,
Knox,White,622,570,"1,139",
La Salle,Asian,13,10,23,
La Salle,Black,83,7,90,
La Salle,Hispanic,"1,250","1,060","2,162",
La Salle,Other,167,95,260,
La Salle,Unknown,"1,354","1,239","2,590",
La Salle,White,252,159,399,
Lamar,Asian,175,134,298,
Lamar,Black,"1,234","1,002","2,146",
Lamar,Hispanic,551,431,929,
Lamar,Other,955,785,"1,712",
Lamar,Unknown,"2,751","2,517","5,198",
Lamar,White,"7,712","6,671","13,736",
Lamb,Asian,2,2,4,
Lamb,Black,122,62,174,
Lamb,Hispanic,"1,281","1,042","2,119",
Lamb,Other,255,216,461,
Lamb,Unknown,"1,079",951,"2,006",
Lamb,White,"1,195",863,"1,926",
Lampasas,Asian,76,51,118,
Lampasas,Black,152,60,198,
Lampasas,Hispanic,589,407,942,
Lampasas,Other,969,725,"1,590",
Lampasas,Unknown,"1,028",743,"1,670",
Lampasas,White,"3,369","2,494","5,509",
Lavaca,Asian,49,35,78,
Lavaca,Black,226,188,358,
Lavaca,Hispanic,693,473,"1,008",
Lavaca,Other,373,267,616,
Lavaca,Unknown,748,565,"1,257",
Lavaca,White,"4,528","3,940","7,724",
Lee,Asian,25,17,41,
Lee,Black,423,325,713,
Lee,Hispanic,652,460,"1,035",
Lee,Other,701,560,"1,253",
Lee,Unknown,669,529,"1,136",
Lee,White,"2,964","2,367","5,109",
Leon,Asian,50,34,82,
Leon,Black,318,235,502,
Leon,Hispanic,341,228,496,
Leon,Other,562,463,992,
Leon,Unknown,283,209,475,
Leon,White,"3,328","2,745","5,439",
Liberty,Asian,219,150,354,
Liberty,Black,"1,882","1,110","2,845",
Liberty,Hispanic,"5,493","3,179","8,114",
Liberty,Other,"2,263","1,414","3,625",
Liberty,Unknown,"1,584","1,149","2,643",
Liberty,White,"9,977","6,817","16,001",
Limestone,Asian,73,55,121,
Limestone,Black,616,456,"1,008",
Limestone,Hispanic,569,397,905,
Limestone,Other,"1,109",855,"1,882",
Limestone,Unknown,550,446,965,
Limestone,White,"2,908","2,357","4,871",
Lipscomb,Asian,4,4,8,
Lipscomb,Hispanic,151,127,265,
Lipscomb,Other,40,30,68,
Lipscomb,Unknown,192,182,372,
Lipscomb,White,369,338,658,
Live Oak,Asian,13,13,26,
Live Oak,Black,11,6,16,
Live Oak,Hispanic,883,693,"1,544",
Live Oak,Other,210,188,392,
Live Oak,Unknown,526,456,976,
Live Oak,White,"1,243","1,031","2,194",
Llano,Asian,42,31,69,
Llano,Black,26,15,40,
Llano,Hispanic,419,278,661,
Llano,Other,379,290,621,
Llano,Unknown,"1,986","1,754","3,549",
Llano,White,"6,076","4,939","10,410",
Loving,Hispanic,4,4,8,
Loving,Other,3,3,6,
Loving,Unknown,5,4,9,
Loving,White,20,14,34,
Lubbock,Asian,"3,666","2,789","6,273",
Lubbock,Black,"4,312","3,173","7,224",
Lubbock,Hispanic,"24,731","19,406","42,527",
Lubbock,Other,"7,863","5,892","13,205",
Lubbock,Unknown,"17,223","15,235","32,342",
Lubbock,White,"49,165","40,783","86,998",
Lynn,Asian,6,5,10,
Lynn,Black,16,12,28,
Lynn,Hispanic,624,455,"1,054",
Lynn,Other,82,73,148,
Lynn,Unknown,275,242,516,
Lynn,White,709,577,"1,225",
Madison,Asian,32,20,51,
Madison,Black,653,322,899,
Madison,Hispanic,660,364,952,
Madison,Other,538,169,693,
Madison,Unknown,149,109,239,
Madison,White,"1,958","1,448","3,170",
Marion,Asian,12,8,19,
Marion,Black,516,408,865,
Marion,Hispanic,79,54,124,
Marion,Other,241,206,436,
Marion,Unknown,338,290,611,
Marion,White,"1,525","1,282","2,582",
Martin,Asian,2,2,4,
Martin,Black,6,5,10,
Martin,Hispanic,397,287,648,
Martin,Other,61,45,101,
Martin,Unknown,428,324,747,
Martin,White,496,399,840,
Mason,Asian,1,0,1,
Mason,Black,3,2,5,
Mason,Hispanic,146,115,259,
Mason,Other,132,128,258,
Mason,Unknown,137,122,255,
Mason,White,"1,171","1,030","2,122",
Matagorda,Asian,401,281,665,
Matagorda,Black,957,716,"1,618",
Matagorda,Hispanic,"3,587","2,436","5,765",
Matagorda,Other,"1,380",960,"2,306",
Matagorda,Unknown,643,392,"1,003",
Matagorda,White,"5,003","4,003","8,663",
Maverick,Asian,46,17,62,
Maverick,Black,17,8,24,
Maverick,Hispanic,"21,383","11,928","31,257",
Maverick,Other,"1,160",824,"1,939",
Maverick,Unknown,"3,172","2,014","5,130",
Maverick,White,"3,509","1,912","5,267",
McCulloch,Asian,13,9,21,
McCulloch,Black,29,24,53,
McCulloch,Hispanic,278,208,472,
McCulloch,Other,41,35,76,
McCulloch,Unknown,104,67,162,
McCulloch,White,"1,625","1,328","2,828",
McLennan,Asian,"2,160","1,454","3,441",
McLennan,Black,"7,124","5,209","11,553",
McLennan,Hispanic,"12,994","9,096","20,787",
McLennan,Other,"5,092","3,836","8,413",
McLennan,Unknown,"10,066","7,818","17,635",
McLennan,White,"45,785","35,603","76,489",
McMullen,Hispanic,70,60,121,
McMullen,Other,35,33,67,
McMullen,Unknown,47,41,87,
McMullen,White,89,72,142,
Medina,Asian,111,75,173,
Medina,Black,249,93,335,
Medina,Hispanic,"6,314","4,411","9,962",
Medina,Other,"1,721","1,091","2,703",
Medina,Unknown,"2,284","1,831","4,017",
Medina,White,"7,408","5,650","12,067",
Menard,Asian,1,1,2,
Menard,Black,7,6,13,
Menard,Hispanic,80,68,145,
Menard,Other,14,12,26,
Menard,Unknown,42,39,78,
Menard,White,687,627,"1,189",
Midland,Asian,"1,169",967,"2,110",
Midland,Black,"2,139","1,708","3,743",
Midland,Hispanic,"16,387","12,836","28,734",
Midland,Other,"3,096","2,500","5,461",
Midland,Unknown,"5,997","4,681","10,596",
Midland,White,"21,499","18,358","39,095",
Milam,Asian,65,42,105,
Milam,Black,441,332,745,
Milam,Hispanic,"1,130",850,"1,936",
Milam,Other,412,339,727,
Milam,Unknown,848,698,"1,531",
Milam,White,"4,425","3,693","7,887",
Mills,Asian,6,6,11,
Mills,Black,2,1,3,
Mills,Hispanic,107,76,177,
Mills,Other,58,53,108,
Mills,Unknown,385,313,685,
Mills,White,977,827,"1,733",
Mitchell,Asian,19,12,29,
Mitchell,Black,157,34,188,
Mitchell,Hispanic,480,362,826,
Mitchell,Other,349,103,450,
Mitchell,Unknown,243,223,463,
Mitchell,White,889,644,"1,495",
Montague,Asian,40,33,66,
Montague,Black,12,7,16,
Montague,Hispanic,380,255,578,
Montague,Other,232,182,406,
Montague,Unknown,855,769,"1,611",
Montague,White,"3,686","2,991","6,305",
Montgomery,Asian,"8,948","5,719","14,297",
Montgomery,Black,"8,577","5,326","13,390",
Montgomery,Hispanic,"42,729","23,315","63,669",
Montgomery,Other,"18,728","12,932","31,027",
Montgomery,Unknown,"14,482","8,976","22,897",
Montgomery,White,"118,879","80,561","193,700",
Moore,Asian,154,71,222,
Moore,Black,88,38,122,
Moore,Hispanic,"3,693","2,829","6,400",
Moore,Other,514,393,898,
Moore,Unknown,"1,074",895,"1,959",
Moore,White,"1,696","1,362","2,969",
Morris,Asian,18,13,27,
Morris,Black,665,454,"1,016",
Morris,Hispanic,213,123,312,
Morris,Other,222,173,383,
Morris,Unknown,327,250,565,
Morris,White,"1,987","1,574","3,257",
Motley,Black,6,3,9,
Motley,Hispanic,30,13,40,
Motley,Other,118,58,176,
Motley,Unknown,17,15,32,
Motley,White,185,123,301,
Nacogdoches,Asian,380,294,622,
Nacogdoches,Black,"2,416","1,919","3,749",
Nacogdoches,Hispanic,"2,254","1,688","3,404",
Nacogdoches,Other,816,597,"1,329",
Nacogdoches,Unknown,"2,771","2,394","5,089",
Nacogdoches,White,"11,089","9,120","17,973",
Navarro,Asian,202,150,348,
Navarro,Black,"1,287","1,003","2,207",
Navarro,Hispanic,"2,822","2,043","4,793",
Navarro,Other,"1,103",762,"1,837",
Navarro,Unknown,"2,547","2,072","4,584",
Navarro,White,"7,734","6,502","13,876",
Newton,Asian,17,9,26,
Newton,Black,503,435,916,
Newton,Hispanic,37,30,62,
Newton,Other,64,51,113,
Newton,Unknown,467,404,857,
Newton,White,"1,244","1,063","2,252",
Nolan,Asian,38,22,55,
Nolan,Black,116,100,171,
Nolan,Hispanic,"1,064",885,"1,601",
Nolan,Other,303,247,505,
Nolan,Unknown,481,362,811,
Nolan,White,"2,457","2,162","3,971",
Nueces,Asian,"3,441","2,728","6,031",
Nueces,Black,"3,300","2,471","5,543",
Nueces,Hispanic,"64,299","49,313","110,304",
Nueces,Other,"7,903","5,840","13,329",
Nueces,Unknown,"18,011","15,531","33,344",
Nueces,White,"42,215","33,266","72,985",
Ochiltree,Asian,12,10,21,
Ochiltree,Black,2,2,4,
Ochiltree,Hispanic,"1,163","1,020","2,073",
Ochiltree,Other,63,53,112,
Ochiltree,Unknown,559,524,"1,083",
Ochiltree,White,769,680,"1,355",
Oldham,Asian,12,5,17,
Oldham,Black,4,3,7,
Oldham,Hispanic,66,46,100,
Oldham,Other,19,12,31,
Oldham,Unknown,123,115,237,
Oldham,White,283,226,493,
Orange,Asian,406,262,657,
Orange,Black,"1,274",892,"2,092",
Orange,Hispanic,946,525,"1,436",
Orange,Other,"1,418","1,127","2,489",
Orange,Unknown,"2,155","1,644","3,723",
Orange,White,"12,316","9,260","20,921",
Palo Pinto,Asian,63,38,100,
Palo Pinto,Black,105,81,179,
Palo Pinto,Hispanic,892,590,"1,373",
Palo Pinto,Other,382,278,642,
Palo Pinto,Unknown,862,763,"1,597",
Palo Pinto,White,"5,074","4,212","8,895",
Panola,Asian,31,26,49,
Panola,Black,633,506,986,
Panola,Hispanic,236,156,359,
Panola,Other,348,308,633,
Panola,Unknown,520,393,878,
Panola,White,"2,846","2,352","4,725",
Parker,Asian,478,351,804,
Parker,Black,393,301,666,
Parker,Hispanic,"2,913","1,949","4,682",
Parker,Other,"2,508","1,863","4,242",
Parker,Unknown,"5,732","5,029","10,625",
Parker,White,"31,205","25,593","54,841",
Parmer,Asian,8,5,13,
Parmer,Black,9,7,13,
Parmer,Hispanic,908,743,"1,457",
Parmer,Other,51,38,85,
Parmer,Unknown,"1,409","1,307","2,712",
Parmer,White,448,397,787,
Pecos,Asian,50,41,89,
Pecos,Black,159,19,177,
Pecos,Hispanic,"3,342","2,868","6,034",
Pecos,Other,456,75,528,
Pecos,Unknown,"1,208","1,003","2,112",
Pecos,White,989,632,"1,566",
Polk,Asian,122,83,195,
Polk,Black,"1,325",636,"1,890",
Polk,Hispanic,"1,203",793,"1,890",
Polk,Other,"1,212",646,"1,829",
Polk,Unknown,"1,500","1,282","2,725",
Polk,White,"9,178","7,172","15,573",
Potter,Asian,"1,329",941,"2,255",
Potter,Black,"1,788","1,012","2,729",
Potter,Hispanic,"8,590","5,743","14,065",
Potter,Other,"2,754","1,329","4,000",
Potter,Unknown,"6,029","5,024","11,017",
Potter,White,"13,483","10,211","23,081",
Presidio,Asian,14,14,27,
Presidio,Black,4,3,6,
Presidio,Hispanic,"3,228","2,524","5,732",
Presidio,Other,108,79,185,
Presidio,Unknown,415,374,778,
Presidio,White,891,786,"1,531",
Rains,Asian,19,12,30,
Rains,Black,51,37,88,
Rains,Hispanic,136,69,196,
Rains,Other,277,248,522,
Rains,Unknown,271,212,470,
Rains,White,"2,179","1,697","3,767",
Randall,Asian,837,614,"1,396",
Randall,Black,754,565,"1,273",
Randall,Hispanic,"5,423","3,907","8,948",
Randall,Other,"2,073","1,384","3,333",
Randall,Unknown,"9,187","8,202","17,285",
Randall,White,"25,473","20,664","44,503",
Reagan,Asian,5,3,8,
Reagan,Black,10,7,15,
Reagan,Hispanic,486,419,779,
Reagan,Other,251,231,415,
Reagan,Unknown,125,117,241,
Reagan,White,148,131,266,
Real,Asian,4,3,7,
Real,Black,6,6,12,
Real,Hispanic,71,64,129,
Real,Other,97,91,188,
Real,Unknown,108,86,192,
Real,White,959,869,"1,800",
Red River,Asian,15,11,21,
Red River,Black,388,344,613,
Red River,Hispanic,121,80,189,
Red River,Other,114,86,187,
Red River,Unknown,894,832,"1,715",
Red River,White,"1,676","1,424","2,827",
Reeves,Asian,43,35,78,
Reeves,Black,24,18,41,
Reeves,Hispanic,"2,185","1,732","3,855",
Reeves,Other,60,57,117,
Reeves,Unknown,"2,230","2,124","4,337",
Reeves,White,307,247,540,
Refugio,Asian,12,11,23,
Refugio,Black,111,98,204,
Refugio,Hispanic,905,736,"1,601",
Refugio,Other,59,41,96,
Refugio,Unknown,645,578,"1,218",
Refugio,White,892,757,"1,606",
Roberts,Black,1,1,1,
Roberts,Hispanic,9,2,10,
Roberts,Other,5,3,7,
Roberts,Unknown,31,29,60,
Roberts,White,137,127,253,
Robertson,Asian,41,32,69,
Robertson,Black,754,594,"1,183",
Robertson,Hispanic,684,485,"1,074",
Robertson,Other,307,233,526,
Robertson,Unknown,363,266,574,
Robertson,White,"3,004","2,438","5,008",
Rockwall,Asian,"1,853","1,247","3,019",
Rockwall,Black,"2,676","1,894","4,434",
Rockwall,Hispanic,"6,174","4,054","9,801",
Rockwall,Other,"3,139","2,277","5,303",
Rockwall,Unknown,"3,383","2,738","6,019",
Rockwall,White,"26,813","20,577","45,672",
Runnels,Asian,16,14,28,
Runnels,Black,24,21,40,
Runnels,Hispanic,723,614,"1,250",
Runnels,Other,178,144,313,
Runnels,Unknown,378,327,695,
Runnels,White,"1,857","1,662","3,341",
Rusk,Asian,90,67,149,
Rusk,Black,"1,963","1,484","3,117",
Rusk,Hispanic,"1,127",674,"1,686",
Rusk,Other,"1,190",697,"1,802",
Rusk,Unknown,"1,203",974,"2,130",
Rusk,White,"7,305","5,667","12,215",
Sabine,Asian,15,12,21,
Sabine,Black,133,114,233,
Sabine,Hispanic,65,53,109,
Sabine,Other,302,280,579,
Sabine,Unknown,493,426,918,
Sabine,White,"1,969","1,706","3,463",
San Augustine,Asian,9,7,15,
San Augustine,Black,508,429,901,
San Augustine,Hispanic,88,62,146,
San Augustine,Other,187,132,316,
San Augustine,Unknown,324,270,588,
San Augustine,White,"1,455","1,200","2,584",
San Jacinto,Asian,34,27,55,
San Jacinto,Black,596,473,948,
San Jacinto,Hispanic,548,384,861,
San Jacinto,Other,508,439,927,
San Jacinto,Unknown,541,404,902,
San Jacinto,White,"4,124","3,415","6,967",
San Patricio,Asian,393,276,644,
San Patricio,Black,233,174,368,
San Patricio,Hispanic,"9,603","7,253","16,221",
San Patricio,Other,"1,445","1,134","2,471",
San Patricio,Unknown,"2,449","2,055","4,465",
San Patricio,White,"9,183","7,028","15,348",
San Saba,Asian,4,3,7,
San Saba,Black,27,3,30,
San Saba,Hispanic,253,170,417,
San Saba,Other,384,282,659,
San Saba,Unknown,127,102,215,
San Saba,White,746,502,"1,190",
Schleicher,Asian,2,2,4,
Schleicher,Black,10,10,19,
Schleicher,Hispanic,290,255,529,
Schleicher,Other,19,13,32,
Schleicher,Unknown,204,177,363,
Schleicher,White,358,327,669,
Scurry,Asian,25,17,41,
Scurry,Black,141,57,184,
Scurry,Hispanic,"1,369","1,068","2,286",
Scurry,Other,293,117,394,
Scurry,Unknown,482,380,852,
Scurry,White,"2,654","2,152","4,510",
Shackelford,Asian,4,1,4,
Shackelford,Black,2,2,4,
Shackelford,Hispanic,85,67,146,
Shackelford,Other,24,21,42,
Shackelford,Unknown,100,87,187,
Shackelford,White,703,596,"1,276",
Shelby,Asian,101,44,134,
Shelby,Black,805,668,"1,345",
Shelby,Hispanic,427,317,669,
Shelby,Other,380,323,694,
Shelby,Unknown,489,343,810,
Shelby,White,"3,120","2,653","5,326",
Sherman,Asian,1,1,2,
Sherman,Black,4,4,8,
Sherman,Hispanic,323,232,510,
Sherman,Other,34,13,46,
Sherman,Unknown,192,177,369,
Sherman,White,291,219,483,
Smith,Asian,"1,600","1,160","2,719",
Smith,Black,"10,080","7,929","17,724",
Smith,Hispanic,"7,380","4,624","11,764",
Smith,Other,"3,873","3,045","6,803",
Smith,Unknown,"13,357","11,169","24,218",
Smith,White,"35,323","28,848","62,751",
Somervell,Asian,27,21,48,
Somervell,Black,9,7,15,
Somervell,Hispanic,274,209,436,
Somervell,Other,191,112,296,
Somervell,Unknown,209,176,383,
Somervell,White,"2,111","1,817","3,686",
Starr,Asian,30,24,51,
Starr,Black,10,9,17,
Starr,Hispanic,"27,666","23,312","46,222",
Starr,Other,"1,964","1,628","3,437",
Starr,Unknown,"2,256","1,961","4,008",
Starr,White,"2,119","1,698","3,504",
Stephens,Asian,26,17,40,
Stephens,Black,55,23,72,
Stephens,Hispanic,346,258,530,
Stephens,Other,153,104,248,
Stephens,Unknown,306,254,540,
Stephens,White,"1,449","1,197","2,366",
Sterling,Black,1,0,1,
Sterling,Hispanic,112,83,192,
Sterling,Other,62,51,113,
Sterling,Unknown,29,10,39,
Sterling,White,141,109,249,
Stonewall,Asian,8,7,13,
Stonewall,Black,2,2,3,
Stonewall,Hispanic,52,37,81,
Stonewall,Other,8,5,12,
Stonewall,Unknown,89,84,173,
Stonewall,White,284,243,485,
Sutton,Asian,11,10,21,
Sutton,Black,2,2,4,
Sutton,Hispanic,618,506,"1,115",
Sutton,Other,77,56,129,
Sutton,Unknown,116,101,212,
Sutton,White,428,380,799,
Swisher,Asian,9,7,16,
Swisher,Black,54,47,84,
Swisher,Hispanic,547,486,898,
Swisher,Other,49,27,71,
Swisher,Unknown,353,307,653,
Swisher,White,843,729,"1,401",
Tarrant,Asian,"60,182","43,284","101,055",
Tarrant,Black,"82,535","59,817","138,918",
Tarrant,Hispanic,"121,952","81,911","196,887",
Tarrant,Other,"61,366","44,710","103,362",
Tarrant,Unknown,"46,319","32,344","76,460",
Tarrant,White,"390,683","309,874","686,028",
Taylor,Asian,821,628,"1,425",
Taylor,Black,"1,620","1,291","2,816",
Taylor,Hispanic,"5,737","4,567","9,956",
Taylor,Other,"2,426","1,852","4,102",
Taylor,Unknown,"10,075","9,040","19,067",
Taylor,White,"21,894","18,814","39,462",
Terrell,Asian,3,2,4,
Terrell,Black,4,1,5,
Terrell,Hispanic,162,136,296,
Terrell,Other,32,27,59,
Terrell,Unknown,34,19,52,
Terrell,White,121,93,203,
Terry,Asian,12,10,22,
Terry,Black,51,33,80,
Terry,Hispanic,"1,093",926,"1,853",
Terry,Other,173,104,267,
Terry,Unknown,"1,506","1,302","2,720",
Terry,White,888,749,"1,527",
Throckmorton,Hispanic,23,20,42,
Throckmorton,Other,20,18,37,
Throckmorton,Unknown,316,294,609,
Throckmorton,White,172,138,297,
Titus,Asian,107,69,171,
Titus,Black,669,480,"1,106",
Titus,Hispanic,"2,424","1,143","3,426",
Titus,Other,664,543,"1,197",
Titus,Unknown,945,747,"1,674",
Titus,White,"3,655","2,785","6,201",
Tom Green,Asian,477,385,839,
Tom Green,Black,920,772,"1,663",
Tom Green,Hispanic,"11,518","9,703","20,857",
Tom Green,Other,"1,387","1,158","2,466",
Tom Green,Unknown,"2,141","1,726","3,798",
Tom Green,White,"21,405","18,724","39,601",
Travis,Asian,"50,673","33,729","81,599",
Travis,Black,"20,905","14,210","33,375",
Travis,Hispanic,"120,209","77,533","191,343",
Travis,Other,"77,075","53,614","125,918",
Travis,Unknown,"61,119","43,056","99,298",
Travis,White,"297,707","219,505","498,067",
Trinity,Asian,15,10,23,
Trinity,Black,297,227,496,
Trinity,Hispanic,226,132,342,
Trinity,Other,622,511,"1,095",
Trinity,Unknown,654,575,"1,201",
Trinity,White,"2,433","1,913","4,097",
Tyler,Asian,37,26,58,
Tyler,Black,620,300,908,
Tyler,Hispanic,203,129,322,
Tyler,Other,447,199,644,
Tyler,Unknown,674,597,"1,256",
Tyler,White,"3,370","2,616","5,847",
Upshur,Asian,57,46,101,
Upshur,Black,748,612,"1,273",
Upshur,Hispanic,431,289,690,
Upshur,Other,766,625,"1,378",
Upshur,Unknown,"1,073",869,"1,898",
Upshur,White,"5,824","4,843","10,164",
Upton,Asian,3,3,6,
Upton,Black,8,5,13,
Upton,Hispanic,403,346,746,
Upton,Other,99,86,185,
Upton,Unknown,352,314,666,
Upton,White,313,234,543,
Uvalde,Asian,67,62,124,
Uvalde,Black,26,19,42,
Uvalde,Hispanic,"4,198","3,644","7,596",
Uvalde,Other,327,283,598,
Uvalde,Unknown,"1,500","1,182","2,652",
Uvalde,White,"3,553","2,974","6,310",
Val Verde,Asian,78,55,119,
Val Verde,Black,86,53,122,
Val Verde,Hispanic,"13,343","8,878","20,602",
Val Verde,Other,908,525,"1,420",
Val Verde,Unknown,"1,474",984,"2,378",
Val Verde,White,"3,655","2,298","5,701",
Van Zandt,Asian,86,50,128,
Van Zandt,Black,383,293,636,
Van Zandt,Hispanic,827,546,"1,295",
Van Zandt,Other,723,598,"1,308",
Van Zandt,Unknown,"2,110","1,587","3,560",
Van Zandt,White,"9,495","7,699","16,241",
Victoria,Asian,534,337,846,
Victoria,Black,"1,329","1,009","2,288",
Victoria,Hispanic,"8,453","6,030","14,106",
Victoria,Other,"1,170",823,"1,937",
Victoria,Unknown,"4,832","4,324","9,032",
Victoria,White,"12,676","10,094","22,264",
Walker,Asian,345,217,534,
Walker,Black,"4,000","1,749","5,512",
Walker,Hispanic,"2,559","1,488","3,658",
Walker,Other,"2,848","1,098","3,862",
Walker,Unknown,"1,504","1,178","2,593",
Walker,White,"11,901","7,624","18,285",
Waller,Asian,434,292,705,
Waller,Black,"1,981","1,448","3,270",
Waller,Hispanic,"3,349","2,108","5,126",
Waller,Other,"1,239",886,"2,076",
Waller,Unknown,818,553,"1,346",
Waller,White,"6,740","5,199","11,448",
Ward,Asian,33,25,57,
Ward,Black,69,58,118,
Ward,Hispanic,"1,783","1,497","3,107",
Ward,Other,257,236,485,
Ward,Unknown,423,383,803,
Ward,White,"1,041",896,"1,840",
Washington,Asian,245,185,426,
Washington,Black,"1,192",880,"1,995",
Washington,Hispanic,"1,161",826,"1,919",
Washington,Other,"2,223","1,925","4,127",
Washington,Unknown,"1,086",859,"1,910",
Washington,White,"7,335","6,006","13,037",
Webb,Asian,483,335,776,
Webb,Black,122,75,176,
Webb,Hispanic,"95,831","64,187","152,008",
Webb,Other,"7,027","4,720","10,923",
Webb,Unknown,"22,291","19,223","41,305",
Webb,White,"17,339","13,245","28,855",
Wharton,Asian,95,56,148,
Wharton,Black,"1,252",843,"1,972",
Wharton,Hispanic,"3,659","2,065","5,390",
Wharton,Other,"1,632","1,293","2,844",
Wharton,Unknown,"1,022",759,"1,664",
Wharton,White,"5,999","4,545","9,749",
Wheeler,Asian,15,11,24,
Wheeler,Black,8,7,14,
Wheeler,Hispanic,139,111,215,
Wheeler,Other,75,64,138,
Wheeler,Unknown,331,279,610,
Wheeler,White,796,708,"1,354",
Wichita,Asian,905,672,"1,496",
Wichita,Black,"2,071","1,304","3,130",
Wichita,Hispanic,"3,948","2,927","6,365",
Wichita,Other,"3,202","2,257","5,210",
Wichita,Unknown,"7,556","6,238","13,495",
Wichita,White,"21,408","17,901","36,651",
Wilbarger,Asian,139,98,219,
Wilbarger,Black,185,164,309,
Wilbarger,Hispanic,716,614,"1,120",
Wilbarger,Other,111,71,168,
Wilbarger,Unknown,"1,434","1,330","2,722",
Wilbarger,White,"2,070","1,918","3,509",
Willacy,Asian,19,14,33,
Willacy,Black,59,11,69,
Willacy,Hispanic,"6,530","4,866","11,202",
Willacy,Other,446,253,693,
Willacy,Unknown,657,507,"1,160",
Willacy,White,"1,046",755,"1,747",
Williamson,Asian,"25,672","16,050","40,476",
Williamson,Black,"10,141","6,686","15,960",
Williamson,Hispanic,"38,174","23,704","59,618",
Williamson,Other,"34,051","22,678","55,260",
Williamson,Unknown,"28,183","18,864","44,838",
Williamson,White,"133,611","95,040","218,809",
Wilson,Asian,83,56,129,
Wilson,Black,185,122,290,
Wilson,Hispanic,"4,401","2,810","6,843",
Wilson,Other,"1,267",910,"2,051",
Wilson,Unknown,"2,355","1,771","4,042",
Wilson,White,"7,882","5,160","12,202",
Winkler,Asian,22,19,34,
Winkler,Black,30,27,53,
Winkler,Hispanic,850,681,"1,430",
Winkler,Other,68,60,122,
Winkler,Unknown,615,553,"1,135",
Winkler,White,539,451,903,
Wise,Asian,179,108,275,
Wise,Black,185,89,263,
Wise,Hispanic,"2,307","1,449","3,546",
Wise,Other,946,648,"1,559",
Wise,Unknown,"2,623","2,461","5,004",
Wise,White,"11,919","9,501","20,104",
Wood,Asian,96,64,146,
Wood,Black,494,355,796,
Wood,Hispanic,673,432,"1,017",
Wood,Other,981,765,"1,721",
Wood,Unknown,"1,846","1,525","3,282",
Wood,White,"9,670","7,773","16,224",
Yoakum,Asian,9,7,15,
Yoakum,Black,7,7,12,
Yoakum,Hispanic,"1,138",885,"1,757",
Yoakum,Other,88,54,140,
Yoakum,Unknown,659,568,"1,181",
Yoakum,White,596,514,980,
Young,Asian,27,25,48,
Young,Black,41,36,72,
Young,Hispanic,673,534,"1,094",
Young,Other,"1,165","1,009","2,077",
Young,Unknown,543,489,"1,007",
Young,White,"2,699","2,383","4,623",
Zapata,Asian,7,6,13,
Zapata,Black,2,1,2,
Zapata,Hispanic,"4,586","3,787","7,601",
Zapata,Other,628,485,"1,106",
Zapata,Unknown,659,620,"1,270",
Zapata,White,462,363,797,
Zavala,Asian,11,9,20,
Zavala,Black,11,9,18,
Zavala,Hispanic,"3,220","2,523","5,710",
Zavala,Other,232,195,426,
Zavala,Unknown,459,361,815,
Zavala,White,403,327,706,
Other,Asian,"9,404","5,118","13,959",
Other,Black,"8,621","4,847","12,831",
Other,Hispanic,"33,860","17,165","48,823",
Other,Other,"9,821","5,870","15,091",
Other,Unknown,"14,118","8,253","21,357",
Other,White,"57,315","34,043","87,073",
Grand Total,Total,"11,184,780","8,093,541","18,628,638",
,,,,,
,,,,,
,,,,,