County Name ,Race/Ethnicity,People Vaccinated with at least One Dose,People Fully Vaccinated ,Doses Administered
Anderson,Asian,153,113,255
Anderson,Black,"3,097",999,"3,908"
Anderson,Hispanic,"1,250",822,"1,953"
Anderson,Other,"1,780",458,"2,199"
Anderson,Unknown,"1,130",848,"1,927"
Anderson,White,"8,198","5,509","12,732"
Andrews,Asian,30,21,51
Andrews,Black,43,37,79
Andrews,Hispanic,"2,388","2,022","4,399"
Andrews,Other,129,100,222
Andrews,Unknown,"1,276","1,124","2,258"
Andrews,White,"2,079","1,813","3,856"
Angelina,Asian,304,236,529
Angelina,Black,"3,106","2,521","5,406"
Angelina,Hispanic,"4,484","3,531","7,772"
Angelina,Other,"1,662","1,108","2,712"
Angelina,Unknown,"4,001","3,522","7,418"
Angelina,White,"12,811","10,873","22,670"
Aransas,Asian,202,150,344
Aransas,Black,64,44,105
Aransas,Hispanic,"1,658","1,337","2,860"
Aransas,Other,"1,232","1,011","2,211"
Aransas,Unknown,"1,255","1,084","2,324"
Aransas,White,"6,707","5,472","11,740"
Archer,Asian,9,9,17
Archer,Black,19,14,27
Archer,Hispanic,133,109,218
Archer,Other,503,463,950
Archer,Unknown,596,545,"1,131"
Archer,White,"1,786","1,646","3,192"
Armstrong,Asian,4,4,8
Armstrong,Black,6,4,8
Armstrong,Hispanic,31,24,54
Armstrong,Other,54,49,102
Armstrong,Unknown,138,126,263
Armstrong,White,349,273,603
Atascosa,Asian,83,59,141
Atascosa,Black,63,41,99
Atascosa,Hispanic,"7,653","5,544","12,709"
Atascosa,Other,"1,328",934,"2,173"
Atascosa,Unknown,"1,576","1,223","2,774"
Atascosa,White,"5,491","4,211","9,269"
Austin,Asian,78,70,140
Austin,Black,631,504,"1,038"
Austin,Hispanic,"1,961","1,452","3,194"
Austin,Other,"1,102",893,"1,969"
Austin,Unknown,928,775,"1,588"
Austin,White,"5,783","4,876","10,007"
Bailey,Asian,9,9,16
Bailey,Black,5,3,7
Bailey,Hispanic,629,470,991
Bailey,Other,42,35,64
Bailey,Unknown,"1,206","1,144","2,344"
Bailey,White,294,235,473
Bandera,Asian,45,34,75
Bandera,Black,72,67,136
Bandera,Hispanic,909,689,"1,527"
Bandera,Other,554,464,958
Bandera,Unknown,"1,329","1,070","2,222"
Bandera,White,"4,752","3,880","8,175"
Bastrop,Asian,330,219,536
Bastrop,Black,964,685,"1,552"
Bastrop,Hispanic,"8,660","5,654","13,896"
Bastrop,Other,"9,915","7,634","17,365"
Bastrop,Unknown,"4,872","2,898","7,604"
Bastrop,White,"9,975","7,248","16,330"
Baylor,Asian,6,5,10
Baylor,Black,10,8,17
Baylor,Hispanic,51,37,78
Baylor,Other,33,28,59
Baylor,Unknown,552,530,"1,082"
Baylor,White,516,449,884
Bee,Asian,82,65,146
Bee,Black,605,130,726
Bee,Hispanic,"3,479","2,887","6,158"
Bee,Other,"1,476",431,"1,889"
Bee,Unknown,"2,932","2,608","5,527"
Bee,White,"3,130","2,338","5,304"
Bell,Asian,"3,235","2,402","5,405"
Bell,Black,"11,488","8,261","18,731"
Bell,Hispanic,"14,022","9,870","22,901"
Bell,Other,"7,604","5,776","12,755"
Bell,Unknown,"12,399","9,873","21,875"
Bell,White,"40,639","32,828","70,134"
Bexar,Asian,"24,012","19,402","42,579"
Bexar,Black,"30,987","23,953","53,298"
Bexar,Hispanic,"373,453","294,544","653,630"
Bexar,Other,"86,401","65,479","145,386"
Bexar,Unknown,"75,441","57,059","130,795"
Bexar,White,"248,938","207,344","441,784"
Blanco,Asian,19,14,33
Blanco,Black,23,20,41
Blanco,Hispanic,606,441,998
Blanco,Other,282,222,476
Blanco,Unknown,354,309,642
Blanco,White,"3,788","3,295","6,870"
Borden,Asian,1,1,1
Borden,Black,1,0,1
Borden,Hispanic,19,17,31
Borden,Other,17,15,31
Borden,Unknown,13,12,25
Borden,White,98,89,174
Bosque,Asian,21,17,37
Bosque,Black,54,47,92
Bosque,Hispanic,548,417,913
Bosque,Other,471,402,849
Bosque,Unknown,"1,232",988,"2,180"
Bosque,White,"4,091","3,508","7,078"
Bowie,Asian,482,403,874
Bowie,Black,"3,646","2,987","6,182"
Bowie,Hispanic,"1,400","1,099","2,361"
Bowie,Other,"1,577","1,346","2,858"
Bowie,Unknown,"1,489","1,013","2,354"
Bowie,White,"12,467","10,627","21,558"
Brazoria,Asian,"13,135","11,224","23,638"
Brazoria,Black,"19,490","15,399","33,513"
Brazoria,Hispanic,"33,290","26,915","57,854"
Brazoria,Other,"21,755","18,262","38,897"
Brazoria,Unknown,"9,453","7,509","16,559"
Brazoria,White,"54,305","45,674","95,294"
Brazos,Asian,"7,582","6,271","13,688"
Brazos,Black,"5,624","4,455","9,584"
Brazos,Hispanic,"15,451","12,232","27,016"
Brazos,Other,"5,653","4,293","9,641"
Brazos,Unknown,"6,178","3,613","9,371"
Brazos,White,"49,593","41,749","88,417"
Brewster,Asian,35,30,64
Brewster,Black,18,15,29
Brewster,Hispanic,"1,498","1,274","2,635"
Brewster,Other,232,183,408
Brewster,Unknown,685,573,"1,213"
Brewster,White,"1,899","1,651","3,325"
Briscoe,Black,9,9,17
Briscoe,Hispanic,101,86,183
Briscoe,Other,14,10,24
Briscoe,Unknown,39,37,76
Briscoe,White,311,286,583
Brooks,Asian,7,7,14
Brooks,Black,7,4,11
Brooks,Hispanic,"2,013","1,702","3,647"
Brooks,Other,127,99,219
Brooks,Unknown,258,225,481
Brooks,White,683,587,"1,247"
Brown,Asian,85,69,129
Brown,Black,205,141,295
Brown,Hispanic,"1,174",935,"1,790"
Brown,Other,"1,361","1,123","2,250"
Brown,Unknown,"2,572","2,397","4,033"
Brown,White,"5,103","4,386","8,001"
Burleson,Asian,41,29,67
Burleson,Black,618,536,"1,070"
Burleson,Hispanic,775,636,"1,318"
Burleson,Other,395,348,713
Burleson,Unknown,503,363,764
Burleson,White,"4,022","3,521","7,165"
Burnet,Asian,175,120,278
Burnet,Black,157,116,245
Burnet,Hispanic,"1,844","1,229","2,855"
Burnet,Other,"1,353","1,039","2,259"
Burnet,Unknown,"1,758","1,420","2,935"
Burnet,White,"12,806","10,345","21,815"
Caldwell,Asian,84,57,132
Caldwell,Black,476,312,745
Caldwell,Hispanic,"5,284","3,863","8,704"
Caldwell,Other,"1,683","1,198","2,792"
Caldwell,Unknown,"2,568","1,966","4,213"
Caldwell,White,"5,387","4,173","8,926"
Calhoun,Asian,467,414,835
Calhoun,Black,157,137,273
Calhoun,Hispanic,"2,787","2,378","4,725"
Calhoun,Other,379,283,611
Calhoun,Unknown,742,606,"1,321"
Calhoun,White,"3,329","2,963","5,777"
Callahan,Asian,25,19,39
Callahan,Black,5,4,9
Callahan,Hispanic,231,176,386
Callahan,Other,130,108,224
Callahan,Unknown,747,673,"1,406"
Callahan,White,"2,564","2,236","4,442"
Cameron,Asian,820,687,"1,430"
Cameron,Black,352,279,605
Cameron,Hispanic,"151,278","114,128","256,393"
Cameron,Other,"6,624","4,846","11,007"
Cameron,Unknown,"33,619","29,600","62,831"
Cameron,White,"27,130","21,922","46,838"
Camp,Asian,41,27,63
Camp,Black,525,407,892
Camp,Hispanic,531,324,830
Camp,Other,237,191,423
Camp,Unknown,407,366,769
Camp,White,"1,931","1,608","3,419"
Carson,Asian,6,5,11
Carson,Black,6,6,10
Carson,Hispanic,106,83,187
Carson,Other,54,35,84
Carson,Unknown,298,276,571
Carson,White,"1,030",879,"1,858"
Cass,Asian,45,38,81
Cass,Black,997,834,"1,690"
Cass,Hispanic,373,278,629
Cass,Other,619,541,"1,147"
Cass,Unknown,513,360,790
Cass,White,"4,565","3,809","7,648"
Castro,Asian,5,5,10
Castro,Black,24,14,36
Castro,Hispanic,"1,209",936,"2,055"
Castro,Other,78,31,107
Castro,Unknown,208,175,378
Castro,White,718,618,"1,305"
Chambers,Asian,328,230,537
Chambers,Black,"1,006",708,"1,678"
Chambers,Hispanic,"2,313","1,500","3,740"
Chambers,Other,750,491,"1,219"
Chambers,Unknown,938,635,"1,536"
Chambers,White,"8,294","5,465","13,400"
Cherokee,Asian,99,80,160
Cherokee,Black,"1,606","1,124","2,527"
Cherokee,Hispanic,"1,440",957,"2,215"
Cherokee,Other,811,488,"1,255"
Cherokee,Unknown,"1,876","1,675","3,381"
Cherokee,White,"7,054","5,916","12,278"
Childress,Asian,34,29,60
Childress,Black,172,62,218
Childress,Hispanic,419,341,667
Childress,Other,237,49,280
Childress,Unknown,158,127,284
Childress,White,"1,544","1,322","2,656"
Clay,Asian,15,14,28
Clay,Black,13,12,25
Clay,Hispanic,111,96,201
Clay,Other,164,144,289
Clay,Unknown,520,491,999
Clay,White,"2,630","2,447","4,882"
Cochran,Asian,4,3,4
Cochran,Black,12,9,19
Cochran,Hispanic,377,330,632
Cochran,Other,53,50,96
Cochran,Unknown,145,133,263
Cochran,White,223,204,367
Coke,Asian,1,0,1
Coke,Black,1,1,2
Coke,Hispanic,133,108,240
Coke,Other,85,69,154
Coke,Unknown,40,32,70
Coke,White,760,634,"1,360"
Coleman,Asian,11,11,21
Coleman,Black,11,8,17
Coleman,Hispanic,140,118,240
Coleman,Other,111,47,148
Coleman,Unknown,"1,016",853,"1,833"
Coleman,White,975,889,"1,750"
Collin,Asian,"100,859","83,759","180,574"
Collin,Black,"34,816","27,766","60,857"
Collin,Hispanic,"56,305","43,652","96,445"
Collin,Other,"50,008","40,873","89,440"
Collin,Unknown,"34,470","27,492","60,704"
Collin,White,"228,396","194,044","411,381"
Collingsworth,Asian,2,2,4
Collingsworth,Black,13,11,22
Collingsworth,Hispanic,131,106,207
Collingsworth,Other,64,58,122
Collingsworth,Unknown,74,57,131
Collingsworth,White,511,461,902
Colorado,Asian,54,47,98
Colorado,Black,704,594,"1,161"
Colorado,Hispanic,"1,466","1,170","2,330"
Colorado,Other,731,558,"1,217"
Colorado,Unknown,936,780,"1,559"
Colorado,White,"4,664","4,079","8,018"
Comal,Asian,928,711,"1,582"
Comal,Black,"1,140",907,"1,956"
Comal,Hispanic,"12,338","9,177","20,411"
Comal,Other,"6,035","4,432","9,948"
Comal,Unknown,"6,660","4,892","11,220"
Comal,White,"40,070","32,572","68,762"
Comanche,Asian,15,12,25
Comanche,Black,4,1,5
Comanche,Hispanic,557,440,889
Comanche,Other,150,117,252
Comanche,Unknown,"1,707","1,550","3,154"
Comanche,White,"2,043","1,793","3,520"
Concho,Asian,2,2,4
Concho,Black,6,4,10
Concho,Hispanic,190,120,293
Concho,Other,57,49,105
Concho,Unknown,232,212,433
Concho,White,535,470,954
Cooke,Asian,143,103,240
Cooke,Black,218,168,371
Cooke,Hispanic,"1,158",757,"1,824"
Cooke,Other,642,486,"1,100"
Cooke,Unknown,"2,057","1,815","3,723"
Cooke,White,"7,509","5,924","12,925"
Coryell,Asian,341,261,575
Coryell,Black,"2,153",936,"2,994"
Coryell,Hispanic,"1,721","1,209","2,825"
Coryell,Other,"2,026",914,"2,847"
Coryell,Unknown,"2,059","1,574","3,588"
Coryell,White,"9,871","7,044","16,216"
Cottle,Black,10,9,18
Cottle,Hispanic,72,65,128
Cottle,Other,88,78,166
Cottle,Unknown,21,20,41
Cottle,White,243,215,418
Crane,Asian,4,3,7
Crane,Black,5,3,7
Crane,Hispanic,698,413,"1,105"
Crane,Other,109,66,174
Crane,Unknown,82,61,143
Crane,White,431,292,709
Crockett,Asian,8,8,16
Crockett,Black,5,3,8
Crockett,Hispanic,556,432,972
Crockett,Other,152,133,284
Crockett,Unknown,51,46,93
Crockett,White,347,296,636
Crosby,Asian,6,4,10
Crosby,Black,36,33,67
Crosby,Hispanic,759,660,"1,391"
Crosby,Other,122,81,201
Crosby,Unknown,295,255,549
Crosby,White,745,673,"1,394"
Culberson,Asian,31,25,56
Culberson,Black,1,0,1
Culberson,Hispanic,574,509,"1,081"
Culberson,Other,33,27,60
Culberson,Unknown,181,176,357
Culberson,White,152,128,277
Dallam,Asian,11,10,21
Dallam,Black,18,16,31
Dallam,Hispanic,853,620,"1,463"
Dallam,Other,235,149,383
Dallam,Unknown,828,672,"1,499"
Dallam,White,473,335,783
Dallas,Asian,"97,592","77,393","169,698"
Dallas,Black,"152,511","118,059","262,167"
Dallas,Hispanic,"323,394","236,678","539,210"
Dallas,Other,"94,656","68,978","159,842"
Dallas,Unknown,"61,557","46,154","105,407"
Dallas,White,"349,982","291,788","620,110"
Dawson,Asian,15,11,25
Dawson,Black,181,68,244
Dawson,Hispanic,"1,051",785,"1,772"
Dawson,Other,207,108,295
Dawson,Unknown,445,416,852
Dawson,White,"1,025",732,"1,693"
Deaf Smith,Asian,27,26,50
Deaf Smith,Black,30,23,53
Deaf Smith,Hispanic,"2,880","2,114","4,572"
Deaf Smith,Other,211,166,363
Deaf Smith,Unknown,676,583,"1,229"
Deaf Smith,White,"1,298","1,118","2,328"
Delta,Asian,8,5,12
Delta,Black,67,47,109
Delta,Hispanic,71,50,115
Delta,Other,91,76,163
Delta,Unknown,222,196,413
Delta,White,855,740,"1,531"
Denton,Asian,"48,357","39,708","85,664"
Denton,Black,"26,798","21,579","46,855"
Denton,Hispanic,"57,939","45,042","99,964"
Denton,Other,"30,980","24,629","54,362"
Denton,Unknown,"22,908","18,015","39,466"
Denton,White,"208,980","175,862","374,975"
De Witt,Asian,43,34,74
De Witt,Black,390,241,608
De Witt,Hispanic,"1,146",953,"1,931"
De Witt,Other,722,392,"1,099"
De Witt,Unknown,486,358,832
De Witt,White,"3,566","3,098","6,339"
Dickens,Asian,4,2,6
Dickens,Black,6,4,10
Dickens,Hispanic,71,65,128
Dickens,Other,31,22,53
Dickens,Unknown,44,35,75
Dickens,White,397,371,718
Dimmit,Asian,30,23,53
Dimmit,Black,26,19,45
Dimmit,Hispanic,"3,333","2,485","5,796"
Dimmit,Other,174,136,307
Dimmit,Unknown,650,547,"1,196"
Dimmit,White,399,286,673
Donley,Asian,5,4,9
Donley,Black,15,10,25
Donley,Hispanic,61,36,95
Donley,Other,238,203,440
Donley,Unknown,111,89,200
Donley,White,586,442,978
Duval,Asian,15,15,30
Duval,Black,50,18,68
Duval,Hispanic,"3,270","2,633","5,577"
Duval,Other,227,143,363
Duval,Unknown,518,425,926
Duval,White,994,746,"1,691"
Eastland,Asian,45,33,68
Eastland,Black,42,26,65
Eastland,Hispanic,484,346,776
Eastland,Other,298,234,440
Eastland,Unknown,657,524,"1,159"
Eastland,White,"3,440","2,901","5,884"
Ector,Asian,809,688,"1,472"
Ector,Black,"1,242",987,"2,149"
Ector,Hispanic,"15,118","11,135","25,657"
Ector,Other,"4,674","4,018","8,339"
Ector,Unknown,"4,876","4,069","8,854"
Ector,White,"20,231","18,106","37,277"
Edwards,Black,1,1,2
Edwards,Hispanic,167,147,310
Edwards,Other,19,14,31
Edwards,Unknown,35,31,64
Edwards,White,317,280,585
El Paso,Asian,"2,994","2,222","5,124"
El Paso,Black,"3,599","2,466","5,841"
El Paso,Hispanic,"330,194","254,818","567,975"
El Paso,Other,"9,310","6,687","15,331"
El Paso,Unknown,"60,393","49,927","109,229"
El Paso,White,"33,923","26,264","58,384"
Ellis,Asian,693,545,"1,220"
Ellis,Black,"7,824","6,261","13,683"
Ellis,Hispanic,"10,866","8,094","18,366"
Ellis,Other,"4,125","3,056","6,988"
Ellis,Unknown,"4,333","3,290","7,149"
Ellis,White,"37,515","30,914","66,065"
Erath,Asian,134,113,241
Erath,Black,90,63,147
Erath,Hispanic,"1,516","1,092","2,516"
Erath,Other,587,485,"1,045"
Erath,Unknown,"1,294","1,080","2,320"
Erath,White,"7,502","6,456","13,415"
Falls,Asian,35,26,61
Falls,Black,873,530,"1,361"
Falls,Hispanic,759,567,"1,293"
Falls,Other,436,178,594
Falls,Unknown,908,769,"1,665"
Falls,White,"2,311","1,599","3,786"
Fannin,Asian,53,45,91
Fannin,Black,423,224,592
Fannin,Hispanic,740,525,"1,167"
Fannin,Other,513,391,873
Fannin,Unknown,"1,565","1,399","2,872"
Fannin,White,"6,469","5,414","11,024"
Fayette,Asian,44,29,70
Fayette,Black,318,243,501
Fayette,Hispanic,"1,069",761,"1,655"
Fayette,Other,"1,598","1,371","2,859"
Fayette,Unknown,977,763,"1,687"
Fayette,White,"5,657","4,655","9,487"
Fisher,Asian,1,1,2
Fisher,Black,9,7,14
Fisher,Hispanic,185,163,327
Fisher,Other,37,19,54
Fisher,Unknown,241,221,460
Fisher,White,554,500,964
Floyd,Asian,3,3,5
Floyd,Black,23,22,44
Floyd,Hispanic,733,625,"1,296"
Floyd,Other,79,58,134
Floyd,Unknown,230,200,415
Floyd,White,804,715,"1,460"
Foard,Asian,1,0,1
Foard,Black,14,13,25
Foard,Hispanic,31,17,43
Foard,Other,4,4,8
Foard,Unknown,167,139,305
Foard,White,189,161,329
Fort Bend,Asian,"93,137","77,029","165,714"
Fort Bend,Black,"57,302","44,909","98,366"
Fort Bend,Hispanic,"76,712","58,459","130,531"
Fort Bend,Other,"47,790","39,112","84,782"
Fort Bend,Unknown,"27,122","19,961","45,940"
Fort Bend,White,"114,940","95,500","203,809"
Franklin,Asian,23,18,38
Franklin,Black,90,77,154
Franklin,Hispanic,255,169,401
Franklin,Other,124,99,219
Franklin,Unknown,399,264,639
Franklin,White,"1,906","1,635","3,305"
Freestone,Asian,42,29,70
Freestone,Black,661,422,"1,020"
Freestone,Hispanic,359,252,566
Freestone,Other,562,299,845
Freestone,Unknown,314,222,503
Freestone,White,"3,061","2,314","4,961"
Frio,Asian,33,20,51
Frio,Black,130,10,138
Frio,Hispanic,"3,797","3,012","6,225"
Frio,Other,539,189,702
Frio,Unknown,676,555,"1,208"
Frio,White,998,784,"1,669"
Gaines,Asian,17,16,31
Gaines,Black,34,31,54
Gaines,Hispanic,"1,061",871,"1,739"
Gaines,Other,152,105,224
Gaines,Unknown,"1,079",950,"1,978"
Gaines,White,767,641,"1,300"
Galveston,Asian,"7,610","6,678","14,084"
Galveston,Black,"14,550","12,534","26,453"
Galveston,Hispanic,"28,116","23,562","50,644"
Galveston,Other,"31,323","29,091","59,962"
Galveston,Unknown,"5,825","4,252","9,819"
Galveston,White,"57,868","49,942","104,543"
Garza,Asian,16,7,19
Garza,Black,54,38,73
Garza,Hispanic,"1,409",774,"1,689"
Garza,Other,85,51,126
Garza,Unknown,66,57,122
Garza,White,658,595,"1,190"
Gillespie,Asian,70,53,116
Gillespie,Black,18,15,33
Gillespie,Hispanic,"1,026",670,"1,632"
Gillespie,Other,405,276,648
Gillespie,Unknown,"2,798","2,526","5,278"
Gillespie,White,"7,086","5,933","12,522"
Glasscock,Asian,2,1,3
Glasscock,Hispanic,161,135,286
Glasscock,Other,54,42,93
Glasscock,Unknown,51,42,93
Glasscock,White,208,182,377
Goliad,Asian,11,10,21
Goliad,Black,55,47,91
Goliad,Hispanic,487,428,859
Goliad,Other,55,45,98
Goliad,Unknown,595,535,"1,121"
Goliad,White,"1,165","1,049","2,078"
Gonzales,Asian,29,22,48
Gonzales,Black,288,247,484
Gonzales,Hispanic,"2,267","1,924","3,711"
Gonzales,Other,397,305,675
Gonzales,Unknown,"1,197","1,057","2,107"
Gonzales,White,"2,740","2,443","4,754"
Gray,Asian,48,39,84
Gray,Black,179,98,262
Gray,Hispanic,806,583,"1,356"
Gray,Other,631,405,"1,001"
Gray,Unknown,"1,009",830,"1,824"
Gray,White,"3,220","2,675","5,570"
Grayson,Asian,472,378,751
Grayson,Black,"1,621","1,325","2,549"
Grayson,Hispanic,"3,392","2,460","5,251"
Grayson,Other,"3,626","2,903","6,324"
Grayson,Unknown,"6,733","5,842","12,082"
Grayson,White,"25,838","22,027","43,272"
Gregg,Asian,594,485,"1,056"
Gregg,Black,"5,479","4,533","9,679"
Gregg,Hispanic,"4,104","3,216","7,102"
Gregg,Other,"3,576","3,010","6,397"
Gregg,Unknown,"4,292","3,594","7,808"
Gregg,White,"19,040","16,497","34,462"
Grimes,Asian,63,54,112
Grimes,Black,"1,036",756,"1,678"
Grimes,Hispanic,"1,480","1,060","2,412"
Grimes,Other,890,597,"1,464"
Grimes,Unknown,"1,262",838,"2,019"
Grimes,White,"5,575","4,455","9,540"
Guadalupe,Asian,"1,287","1,020","2,177"
Guadalupe,Black,"3,474","2,813","5,892"
Guadalupe,Hispanic,"16,953","13,300","27,720"
Guadalupe,Other,"4,941","3,783","8,262"
Guadalupe,Unknown,"7,386","6,126","12,869"
Guadalupe,White,"27,041","22,637","45,331"
Hale,Asian,49,37,84
Hale,Black,232,153,350
Hale,Hispanic,"3,804","3,222","6,490"
Hale,Other,619,422,967
Hale,Unknown,"1,391","1,204","2,569"
Hale,White,"2,859","2,471","5,028"
Hall,Asian,8,7,15
Hall,Black,39,31,65
Hall,Hispanic,279,224,458
Hall,Other,85,70,151
Hall,Unknown,53,44,95
Hall,White,562,506,"1,004"
Hamilton,Asian,16,11,25
Hamilton,Black,11,5,15
Hamilton,Hispanic,205,159,320
Hamilton,Other,55,50,102
Hamilton,Unknown,659,594,"1,225"
Hamilton,White,"2,143","1,848","3,584"
Hansford,Asian,6,5,11
Hansford,Black,2,2,4
Hansford,Hispanic,628,572,998
Hansford,Other,27,22,45
Hansford,Unknown,414,385,798
Hansford,White,644,595,"1,071"
Hardeman,Asian,8,8,15
Hardeman,Black,35,27,50
Hardeman,Hispanic,131,110,206
Hardeman,Other,15,11,22
Hardeman,Unknown,636,609,"1,243"
Hardeman,White,525,456,842
Hardin,Asian,160,125,278
Hardin,Black,690,517,"1,159"
Hardin,Hispanic,579,418,967
Hardin,Other,967,770,"1,708"
Hardin,Unknown,"1,894","1,603","3,433"
Hardin,White,"10,387","8,523","18,374"
Harris,Asian,"175,429","142,798","307,308"
Harris,Black,"212,967","159,879","354,846"
Harris,Hispanic,"646,374","472,557","1,069,244"
Harris,Other,"194,500","157,242","339,015"
Harris,Unknown,"146,234","102,269","243,223"
Harris,White,"592,494","486,032","1,037,601"
Harrison,Asian,156,119,246
Harrison,Black,"3,108","2,554","5,188"
Harrison,Hispanic,"1,252",957,"2,003"
Harrison,Other,"1,418","1,135","2,484"
Harrison,Unknown,"2,101","1,622","3,489"
Harrison,White,"8,865","7,663","15,276"
Hartley,Asian,6,5,11
Hartley,Black,71,35,106
Hartley,Hispanic,519,336,851
Hartley,Other,209,107,314
Hartley,Unknown,622,502,"1,123"
Hartley,White,624,459,"1,073"
Haskell,Asian,15,10,25
Haskell,Black,45,33,73
Haskell,Hispanic,345,234,549
Haskell,Other,55,47,99
Haskell,Unknown,301,279,578
Haskell,White,"1,109",891,"1,895"
Hays,Asian,"2,109","1,621","3,606"
Hays,Black,"2,547","1,878","4,201"
Hays,Hispanic,"24,667","18,024","40,952"
Hays,Other,"9,284","7,116","15,510"
Hays,Unknown,"16,109","12,593","27,150"
Hays,White,"49,026","40,252","85,450"
Hemphill,Asian,8,7,12
Hemphill,Black,1,1,1
Hemphill,Hispanic,311,281,468
Hemphill,Other,99,86,174
Hemphill,Unknown,190,171,352
Hemphill,White,683,622,"1,166"
Henderson,Asian,224,166,382
Henderson,Black,"1,033",848,"1,794"
Henderson,Hispanic,"2,005","1,416","3,286"
Henderson,Other,"1,260","1,043","2,265"
Henderson,Unknown,"2,692","2,291","4,612"
Henderson,White,"15,987","13,130","27,744"
Hidalgo,Asian,"2,470","1,933","4,282"
Hidalgo,Black,883,574,"1,395"
Hidalgo,Hispanic,"321,868","249,542","555,428"
Hidalgo,Other,"16,191","11,951","26,218"
Hidalgo,Unknown,"26,382","21,425","47,226"
Hidalgo,White,"58,073","47,762","99,979"
Hill,Asian,99,79,171
Hill,Black,410,297,657
Hill,Hispanic,"1,397","1,082","2,321"
Hill,Other,611,519,"1,058"
Hill,Unknown,"1,180",944,"1,992"
Hill,White,"7,235","6,248","12,264"
Hockley,Asian,31,26,53
Hockley,Black,129,112,231
Hockley,Hispanic,"2,534","2,141","4,416"
Hockley,Other,461,351,767
Hockley,Unknown,"1,151","1,060","2,066"
Hockley,White,"2,749","2,462","4,907"
Hood,Asian,228,188,404
Hood,Black,105,74,178
Hood,Hispanic,"1,688","1,367","2,964"
Hood,Other,"1,264",969,"2,209"
Hood,Unknown,"1,625","1,408","3,001"
Hood,White,"18,143","16,219","33,406"
Hopkins,Asian,114,89,202
Hopkins,Black,588,469,"1,018"
Hopkins,Hispanic,"1,137",815,"1,868"
Hopkins,Other,"1,019",850,"1,802"
Hopkins,Unknown,807,636,"1,338"
Hopkins,White,"6,184","5,361","11,124"
Houston,Asian,64,31,93
Houston,Black,"1,319",889,"2,046"
Houston,Hispanic,650,448,"1,044"
Houston,Other,508,303,766
Houston,Unknown,520,408,881
Houston,White,"3,484","2,854","5,928"
Howard,Asian,73,54,120
Howard,Black,105,78,161
Howard,Hispanic,"1,347",912,"1,793"
Howard,Other,"2,248","2,032","4,243"
Howard,Unknown,"1,102",885,"1,924"
Howard,White,"2,965","2,512","5,144"
Hudspeth,Asian,8,4,12
Hudspeth,Black,25,16,38
Hudspeth,Hispanic,"1,682","1,351","2,944"
Hudspeth,Other,42,36,75
Hudspeth,Unknown,182,160,338
Hudspeth,White,220,161,351
Hunt,Asian,421,326,702
Hunt,Black,"1,469","1,143","2,482"
Hunt,Hispanic,"3,480","2,515","5,698"
Hunt,Other,"1,537","1,149","2,628"
Hunt,Unknown,"3,032","2,558","5,303"
Hunt,White,"17,018","14,325","29,976"
Hutchinson,Asian,39,30,68
Hutchinson,Black,90,73,161
Hutchinson,Hispanic,950,752,"1,653"
Hutchinson,Other,366,289,651
Hutchinson,Unknown,751,585,"1,334"
Hutchinson,White,"3,242","2,733","5,799"
Irion,Black,3,2,5
Irion,Hispanic,96,83,178
Irion,Other,91,82,169
Irion,Unknown,23,18,39
Irion,White,257,215,462
Jack,Asian,14,12,22
Jack,Black,76,14,87
Jack,Hispanic,261,203,403
Jack,Other,114,63,173
Jack,Unknown,305,263,560
Jack,White,"1,580","1,349","2,761"
Jackson,Asian,48,37,81
Jackson,Black,133,105,234
Jackson,Hispanic,670,511,"1,123"
Jackson,Other,215,168,375
Jackson,Unknown,"2,017","1,820","3,707"
Jackson,White,"1,662","1,462","3,019"
Jasper,Asian,76,64,139
Jasper,Black,"1,168","1,016","2,062"
Jasper,Hispanic,407,315,688
Jasper,Other,360,285,634
Jasper,Unknown,"2,206","1,908","4,027"
Jasper,White,"4,759","4,199","8,536"
Jeff Davis,Asian,4,3,7
Jeff Davis,Hispanic,324,269,581
Jeff Davis,Other,57,43,98
Jeff Davis,Unknown,136,127,252
Jeff Davis,White,559,506,"1,032"
Jefferson,Asian,"4,811","3,537","8,253"
Jefferson,Black,"20,666","15,883","36,170"
Jefferson,Hispanic,"10,264","6,940","17,056"
Jefferson,Other,"6,645","4,903","11,357"
Jefferson,Unknown,"9,264","7,434","16,581"
Jefferson,White,"28,311","22,404","49,982"
Jim Hogg,Asian,13,3,16
Jim Hogg,Black,2,1,3
Jim Hogg,Hispanic,"1,754","1,371","3,105"
Jim Hogg,Other,135,116,251
Jim Hogg,Unknown,179,143,321
Jim Hogg,White,365,316,672
Jim Wells,Asian,67,58,120
Jim Wells,Black,41,36,72
Jim Wells,Hispanic,"9,643","8,157","17,332"
Jim Wells,Other,564,442,978
Jim Wells,Unknown,"2,247","1,739","3,934"
Jim Wells,White,"3,721","3,125","6,637"
Johnson,Asian,788,636,"1,380"
Johnson,Black,"1,887","1,483","3,270"
Johnson,Hispanic,"7,629","5,848","13,069"
Johnson,Other,"3,577","2,613","6,034"
Johnson,Unknown,"4,245","3,569","7,554"
Johnson,White,"35,316","30,197","63,879"
Jones,Asian,31,20,51
Jones,Black,446,106,544
Jones,Hispanic,655,469,983
Jones,Other,706,150,839
Jones,Unknown,801,709,"1,499"
Jones,White,"2,689","1,969","4,316"
Karnes,Asian,40,31,65
Karnes,Black,444,132,564
Karnes,Hispanic,"1,797","1,382","2,799"
Karnes,Other,674,205,865
Karnes,Unknown,863,702,"1,522"
Karnes,White,"2,066","1,564","3,270"
Kaufman,Asian,934,704,"1,572"
Kaufman,Black,"5,276","4,126","9,076"
Kaufman,Hispanic,"7,920","5,778","13,181"
Kaufman,Other,"2,886","2,137","4,913"
Kaufman,Unknown,"6,446","4,635","10,926"
Kaufman,White,"22,994","19,016","40,089"
Kendall,Asian,271,222,472
Kendall,Black,151,124,269
Kendall,Hispanic,"3,123","2,501","5,337"
Kendall,Other,"1,629","1,290","2,794"
Kendall,Unknown,"2,467","1,650","3,968"
Kendall,White,"13,835","11,706","24,389"
Kenedy,Hispanic,87,76,159
Kenedy,Other,5,3,8
Kenedy,Unknown,63,61,124
Kenedy,White,20,16,36
Kent,Hispanic,22,17,34
Kent,Other,2,2,4
Kent,Unknown,55,51,106
Kent,White,144,124,249
Kerr,Asian,185,122,286
Kerr,Black,145,111,239
Kerr,Hispanic,"2,226","1,467","3,522"
Kerr,Other,965,583,"1,471"
Kerr,Unknown,"2,066","1,797","3,757"
Kerr,White,"12,535","10,117","21,797"
Kimble,Asian,7,7,13
Kimble,Black,2,2,4
Kimble,Hispanic,74,49,119
Kimble,Other,40,35,73
Kimble,Unknown,123,87,207
Kimble,White,"1,292","1,061","2,239"
King,Asian,1,0,1
King,Hispanic,10,9,16
King,Other,1,0,1
King,Unknown,2,2,4
King,White,22,19,39
Kinney,Asian,4,3,7
Kinney,Black,9,7,16
Kinney,Hispanic,353,271,609
Kinney,Other,46,40,84
Kinney,Unknown,133,110,242
Kinney,White,633,402,"1,014"
Kleberg,Asian,413,327,737
Kleberg,Black,225,178,391
Kleberg,Hispanic,"7,867","6,623","14,194"
Kleberg,Other,588,475,"1,052"
Kleberg,Unknown,"2,598","2,258","4,844"
Kleberg,White,"2,833","2,396","5,149"
Knox,Asian,7,6,12
Knox,Black,35,35,57
Knox,Hispanic,221,192,377
Knox,Other,52,48,92
Knox,Unknown,189,178,363
Knox,White,619,573,"1,140"
La Salle,Asian,12,9,21
La Salle,Black,83,8,90
La Salle,Hispanic,"1,271","1,094","2,215"
La Salle,Other,171,100,267
La Salle,Unknown,"1,353","1,236","2,586"
La Salle,White,263,174,425
Lamar,Asian,179,144,312
Lamar,Black,"1,287","1,070","2,254"
Lamar,Hispanic,580,480,"1,000"
Lamar,Other,"1,014",837,"1,810"
Lamar,Unknown,"2,686","2,454","5,093"
Lamar,White,"8,016","7,054","14,329"
Lamb,Asian,2,2,4
Lamb,Black,126,66,182
Lamb,Hispanic,"1,315","1,108","2,213"
Lamb,Other,261,221,471
Lamb,Unknown,"1,079",951,"2,004"
Lamb,White,"1,219",900,"1,981"
Lampasas,Asian,69,53,112
Lampasas,Black,128,78,195
Lampasas,Hispanic,661,509,"1,100"
Lampasas,Other,"1,005",829,"1,727"
Lampasas,Unknown,"1,032",756,"1,678"
Lampasas,White,"3,578","2,892","6,029"
Lavaca,Asian,51,41,86
Lavaca,Black,233,202,377
Lavaca,Hispanic,720,543,"1,098"
Lavaca,Other,393,317,684
Lavaca,Unknown,745,560,"1,239"
Lavaca,White,"4,645","4,161","8,043"
Lee,Asian,24,22,45
Lee,Black,449,360,770
Lee,Hispanic,711,546,"1,173"
Lee,Other,720,593,"1,304"
Lee,Unknown,725,580,"1,217"
Lee,White,"3,082","2,610","5,447"
Leon,Asian,57,40,95
Leon,Black,338,266,546
Leon,Hispanic,358,256,540
Leon,Other,568,472,"1,007"
Leon,Unknown,290,228,501
Leon,White,"3,461","2,935","5,720"
Liberty,Asian,235,173,392
Liberty,Black,"1,994","1,280","3,124"
Liberty,Hispanic,"6,190","4,169","9,775"
Liberty,Other,"2,422","1,574","3,930"
Liberty,Unknown,"1,642","1,215","2,758"
Liberty,White,"10,480","7,694","17,275"
Limestone,Asian,75,61,129
Limestone,Black,669,500,"1,100"
Limestone,Hispanic,619,457,"1,012"
Limestone,Other,"1,144",874,"1,936"
Limestone,Unknown,541,445,956
Limestone,White,"3,065","2,519","5,164"
Lipscomb,Asian,4,4,8
Lipscomb,Black,1,0,1
Lipscomb,Hispanic,156,142,285
Lipscomb,Other,40,30,68
Lipscomb,Unknown,190,181,369
Lipscomb,White,376,346,670
Live Oak,Asian,13,13,26
Live Oak,Black,11,9,19
Live Oak,Hispanic,929,737,"1,631"
Live Oak,Other,213,193,400
Live Oak,Unknown,528,462,984
Live Oak,White,"1,289","1,097","2,295"
Llano,Asian,46,36,77
Llano,Black,28,19,46
Llano,Hispanic,460,329,749
Llano,Other,398,323,672
Llano,Unknown,"1,986","1,763","3,541"
Llano,White,"6,256","5,267","10,859"
Loving,Hispanic,4,4,8
Loving,Other,3,3,6
Loving,Unknown,4,3,7
Loving,White,20,15,35
Lubbock,Asian,"3,788","3,161","6,755"
Lubbock,Black,"4,522","3,565","7,786"
Lubbock,Hispanic,"25,741","21,481","45,463"
Lubbock,Other,"8,349","6,490","14,201"
Lubbock,Unknown,"17,150","15,210","32,225"
Lubbock,White,"50,652","44,104","91,497"
Lynn,Asian,6,5,10
Lynn,Black,18,17,35
Lynn,Hispanic,660,534,"1,167"
Lynn,Other,84,76,153
Lynn,Unknown,279,247,524
Lynn,White,730,633,"1,299"
Madison,Asian,33,23,55
Madison,Black,674,422,"1,011"
Madison,Hispanic,716,463,"1,100"
Madison,Other,547,205,736
Madison,Unknown,167,127,262
Madison,White,"2,075","1,642","3,438"
Marion,Asian,13,11,23
Marion,Black,540,457,931
Marion,Hispanic,87,62,139
Marion,Other,250,218,456
Marion,Unknown,338,293,613
Marion,White,"1,568","1,367","2,689"
Martin,Asian,2,2,4
Martin,Black,7,7,12
Martin,Hispanic,413,308,683
Martin,Other,62,48,104
Martin,Unknown,430,324,749
Martin,White,503,415,861
Mason,Asian,1,1,2
Mason,Black,3,2,5
Mason,Hispanic,154,121,273
Mason,Other,130,127,255
Mason,Unknown,138,121,254
Mason,White,"1,197","1,076","2,189"
Matagorda,Asian,420,334,739
Matagorda,Black,"1,006",799,"1,744"
Matagorda,Hispanic,"3,827","2,847","6,410"
Matagorda,Other,"1,445","1,018","2,422"
Matagorda,Unknown,666,418,"1,053"
Matagorda,White,"5,192","4,337","9,156"
Maverick,Asian,48,28,75
Maverick,Black,16,10,25
Maverick,Hispanic,"22,305","14,297","34,477"
Maverick,Other,"1,434","1,071","2,441"
Maverick,Unknown,"2,916","1,895","4,755"
Maverick,White,"3,648","2,071","5,525"
Mcculloch,Asian,14,10,23
Mcculloch,Black,32,27,58
Mcculloch,Hispanic,293,212,490
Mcculloch,Other,44,38,81
Mcculloch,Unknown,111,70,172
Mcculloch,White,"1,683","1,408","2,945"
Mclennan,Asian,"2,331","1,757","3,900"
Mclennan,Black,"7,624","5,947","12,719"
Mclennan,Hispanic,"13,890","10,548","23,026"
Mclennan,Other,"5,551","4,354","9,345"
Mclennan,Unknown,"10,096","7,987","17,798"
Mclennan,White,"48,177","39,591","82,419"
Mcmullen,Hispanic,72,62,125
Mcmullen,Other,35,33,67
Mcmullen,Unknown,49,42,90
Mcmullen,White,95,80,151
Medina,Asian,112,91,190
Medina,Black,329,124,444
Medina,Hispanic,"6,676","5,402","11,295"
Medina,Other,"1,942","1,270","3,076"
Medina,Unknown,"2,292","1,883","4,075"
Medina,White,"7,807","6,536","13,279"
Menard,Asian,1,1,2
Menard,Black,7,7,14
Menard,Hispanic,86,71,154
Menard,Other,14,12,26
Menard,Unknown,42,37,76
Menard,White,694,647,"1,216"
Midland,Asian,"1,258","1,049","2,276"
Midland,Black,"2,253","1,866","3,997"
Midland,Hispanic,"17,414","13,833","30,675"
Midland,Other,"3,346","2,718","5,885"
Midland,Unknown,"5,909","4,634","10,457"
Midland,White,"22,560","19,397","41,026"
Milam,Asian,68,51,117
Milam,Black,483,386,835
Milam,Hispanic,"1,222",975,"2,136"
Milam,Other,437,362,770
Milam,Unknown,867,708,"1,554"
Milam,White,"4,658","4,053","8,410"
Mills,Asian,7,6,12
Mills,Black,2,1,3
Mills,Hispanic,116,84,194
Mills,Other,58,53,108
Mills,Unknown,410,315,712
Mills,White,"1,004",881,"1,810"
Mitchell,Asian,19,12,29
Mitchell,Black,162,35,194
Mitchell,Hispanic,495,380,857
Mitchell,Other,360,104,462
Mitchell,Unknown,242,221,460
Mitchell,White,905,661,"1,525"
Montague,Asian,41,38,70
Montague,Black,11,9,17
Montague,Hispanic,411,293,640
Montague,Other,240,193,422
Montague,Unknown,870,790,"1,640"
Montague,White,"3,815","3,222","6,629"
Montgomery,Asian,"9,611","7,061","16,235"
Montgomery,Black,"9,364","6,641","15,407"
Montgomery,Hispanic,"48,195","31,006","76,061"
Montgomery,Other,"21,105","15,753","35,698"
Montgomery,Unknown,"15,249","9,958","24,472"
Montgomery,White,"126,870","94,939","214,504"
Moore,Asian,159,85,240
Moore,Black,91,42,129
Moore,Hispanic,"3,813","3,022","6,711"
Moore,Other,548,415,954
Moore,Unknown,"1,071",904,"1,965"
Moore,White,"1,806","1,449","3,163"
Morris,Asian,19,14,29
Morris,Black,687,525,"1,107"
Morris,Hispanic,228,157,361
Morris,Other,233,196,415
Morris,Unknown,328,254,570
Morris,White,"2,062","1,691","3,440"
Motley,Black,5,4,9
Motley,Hispanic,30,14,41
Motley,Other,118,58,176
Motley,Unknown,15,15,30
Motley,White,185,124,302
Nacogdoches,Asian,392,331,670
Nacogdoches,Black,"2,565","2,063","4,036"
Nacogdoches,Hispanic,"2,520","1,969","3,934"
Nacogdoches,Other,904,683,"1,499"
Nacogdoches,Unknown,"2,796","2,421","5,134"
Nacogdoches,White,"11,470","9,806","18,954"
Navarro,Asian,206,169,371
Navarro,Black,"1,359","1,108","2,370"
Navarro,Hispanic,"2,972","2,360","5,249"
Navarro,Other,"1,212",855,"2,028"
Navarro,Unknown,"2,537","2,081","4,581"
Navarro,White,"7,989","6,872","14,448"
Newton,Asian,20,13,33
Newton,Black,508,447,933
Newton,Hispanic,39,33,67
Newton,Other,68,53,119
Newton,Unknown,476,408,869
Newton,White,"1,285","1,125","2,342"
Nolan,Asian,46,36,75
Nolan,Black,119,115,188
Nolan,Hispanic,"1,122","1,006","1,758"
Nolan,Other,311,259,524
Nolan,Unknown,480,368,815
Nolan,White,"2,537","2,339","4,194"
Nueces,Asian,"3,625","3,020","6,465"
Nueces,Black,"3,500","2,768","6,012"
Nueces,Hispanic,"67,546","54,537","118,462"
Nueces,Other,"8,561","6,665","14,674"
Nueces,Unknown,"18,187","15,917","33,893"
Nueces,White,"44,185","36,718","78,051"
Ochiltree,Asian,11,10,20
Ochiltree,Black,2,2,4
Ochiltree,Hispanic,"1,185","1,066","2,140"
Ochiltree,Other,65,55,116
Ochiltree,Unknown,558,528,"1,086"
Ochiltree,White,785,702,"1,388"
Oldham,Asian,12,8,20
Oldham,Black,4,3,7
Oldham,Hispanic,68,52,108
Oldham,Other,23,17,40
Oldham,Unknown,120,114,233
Oldham,White,301,245,529
Orange,Asian,437,320,746
Orange,Black,"1,445","1,127","2,398"
Orange,Hispanic,"1,041",694,"1,692"
Orange,Other,"1,472","1,207","2,619"
Orange,Unknown,"2,231","1,741","3,867"
Orange,White,"13,096","10,486","22,687"
Palo Pinto,Asian,79,51,129
Palo Pinto,Black,120,94,205
Palo Pinto,Hispanic,"1,005",740,"1,621"
Palo Pinto,Other,433,320,730
Palo Pinto,Unknown,853,771,"1,592"
Palo Pinto,White,"5,328","4,628","9,502"
Panola,Asian,33,28,53
Panola,Black,685,533,"1,057"
Panola,Hispanic,262,195,419
Panola,Other,363,315,653
Panola,Unknown,523,395,882
Panola,White,"3,018","2,499","5,002"
Parker,Asian,497,417,886
Parker,Black,418,351,737
Parker,Hispanic,"3,232","2,505","5,498"
Parker,Other,"2,676","2,057","4,583"
Parker,Unknown,"5,723","5,157","10,705"
Parker,White,"32,533","28,279","58,529"
Parmer,Asian,8,5,13
Parmer,Black,9,7,13
Parmer,Hispanic,955,797,"1,550"
Parmer,Other,52,41,89
Parmer,Unknown,"1,432","1,307","2,735"
Parmer,White,460,408,807
Pecos,Asian,54,41,93
Pecos,Black,168,19,186
Pecos,Hispanic,"3,421","2,961","6,162"
Pecos,Other,524,82,600
Pecos,Unknown,"1,242","1,029","2,164"
Pecos,White,"1,037",656,"1,632"
Polk,Asian,128,97,214
Polk,Black,"1,402",708,"2,034"
Polk,Hispanic,"1,299",972,"2,151"
Polk,Other,"1,286",699,"1,952"
Polk,Unknown,"1,519","1,300","2,750"
Polk,White,"9,540","7,762","16,441"
Potter,Asian,"1,392","1,036","2,410"
Potter,Black,"1,909","1,171","2,998"
Potter,Hispanic,"9,127","6,565","15,382"
Potter,Other,"3,188","1,797","4,888"
Potter,Unknown,"6,027","5,003","10,983"
Potter,White,"14,036","11,216","24,546"
Presidio,Asian,17,14,30
Presidio,Black,5,4,7
Presidio,Hispanic,"3,441","2,647","6,066"
Presidio,Other,109,78,185
Presidio,Unknown,419,365,770
Presidio,White,944,814,"1,602"
Rains,Asian,20,15,34
Rains,Black,55,42,96
Rains,Hispanic,167,109,264
Rains,Other,292,263,549
Rains,Unknown,273,226,471
Rains,White,"2,329","1,917","4,094"
Randall,Asian,880,674,"1,495"
Randall,Black,792,640,"1,377"
Randall,Hispanic,"5,715","4,433","9,740"
Randall,Other,"2,367","1,701","3,930"
Randall,Unknown,"9,095","8,136","17,124"
Randall,White,"26,389","22,377","46,989"
Reagan,Asian,5,3,8
Reagan,Black,10,7,15
Reagan,Hispanic,502,432,809
Reagan,Other,252,235,420
Reagan,Unknown,126,119,243
Reagan,White,150,136,274
Real,Asian,3,3,6
Real,Black,6,6,12
Real,Hispanic,77,65,135
Real,Other,99,93,191
Real,Unknown,112,90,197
Real,White,987,904,"1,857"
Red River,Asian,15,12,22
Red River,Black,417,364,655
Red River,Hispanic,125,97,210
Red River,Other,130,103,211
Red River,Unknown,888,832,"1,710"
Red River,White,"1,742","1,547","2,988"
Reeves,Asian,46,43,88
Reeves,Black,26,20,45
Reeves,Hispanic,"2,351","1,891","4,174"
Reeves,Other,64,61,125
Reeves,Unknown,"2,225","2,121","4,329"
Reeves,White,331,263,580
Refugio,Asian,13,11,24
Refugio,Black,114,103,212
Refugio,Hispanic,942,796,"1,694"
Refugio,Other,63,47,106
Refugio,Unknown,648,585,"1,228"
Refugio,White,937,812,"1,700"
Roberts,Hispanic,8,5,12
Roberts,Other,5,3,7
Roberts,Unknown,33,29,62
Roberts,White,141,131,259
Robertson,Asian,47,32,75
Robertson,Black,807,645,"1,279"
Robertson,Hispanic,731,584,"1,214"
Robertson,Other,329,246,555
Robertson,Unknown,361,279,585
Robertson,White,"3,134","2,665","5,328"
Rockwall,Asian,"1,700","1,300","2,909"
Rockwall,Black,"2,682","2,100","4,637"
Rockwall,Hispanic,"6,036","4,350","9,923"
Rockwall,Other,"3,360","2,442","5,659"
Rockwall,Unknown,"3,333","2,776","5,986"
Rockwall,White,"26,888","21,988","46,930"
Runnels,Asian,15,14,27
Runnels,Black,26,24,45
Runnels,Hispanic,746,656,"1,313"
Runnels,Other,179,148,317
Runnels,Unknown,383,332,703
Runnels,White,"1,888","1,740","3,433"
Rusk,Asian,97,74,160
Rusk,Black,"2,049","1,637","3,318"
Rusk,Hispanic,"1,225",839,"1,941"
Rusk,Other,"1,303",803,"1,980"
Rusk,Unknown,"1,228","1,020","2,193"
Rusk,White,"7,636","6,266","12,956"
Sabine,Asian,14,11,19
Sabine,Black,142,120,246
Sabine,Hispanic,71,61,120
Sabine,Other,303,282,582
Sabine,Unknown,494,431,921
Sabine,White,"2,030","1,814","3,610"
San Augustine,Asian,9,7,15
San Augustine,Black,540,471,971
San Augustine,Hispanic,96,77,167
San Augustine,Other,192,136,323
San Augustine,Unknown,306,250,548
San Augustine,White,"1,513","1,309","2,738"
San Jacinto,Asian,37,30,61
San Jacinto,Black,629,526,"1,031"
San Jacinto,Hispanic,627,470,"1,022"
San Jacinto,Other,539,473,989
San Jacinto,Unknown,565,425,941
San Jacinto,White,"4,379","3,709","7,462"
San Patricio,Asian,424,311,708
San Patricio,Black,250,190,396
San Patricio,Hispanic,"10,349","8,098","17,709"
San Patricio,Other,"1,573","1,244","2,690"
San Patricio,Unknown,"2,508","2,098","4,564"
San Patricio,White,"9,793","7,751","16,569"
San Saba,Asian,8,5,12
San Saba,Black,26,2,28
San Saba,Hispanic,250,172,416
San Saba,Other,386,283,662
San Saba,Unknown,127,102,215
San Saba,White,768,533,"1,237"
Schleicher,Asian,2,2,4
Schleicher,Black,10,10,19
Schleicher,Hispanic,303,265,552
Schleicher,Other,21,16,37
Schleicher,Unknown,204,181,366
Schleicher,White,360,336,680
Scurry,Asian,26,19,44
Scurry,Black,149,64,198
Scurry,Hispanic,"1,442","1,143","2,429"
Scurry,Other,300,125,408
Scurry,Unknown,486,379,855
Scurry,White,"2,714","2,247","4,653"
Shackelford,Asian,4,1,4
Shackelford,Black,2,2,4
Shackelford,Hispanic,86,75,155
Shackelford,Other,25,22,44
Shackelford,Unknown,101,88,189
Shackelford,White,722,623,"1,319"
Shelby,Asian,96,72,156
Shelby,Black,843,712,"1,424"
Shelby,Hispanic,457,328,709
Shelby,Other,393,331,715
Shelby,Unknown,546,384,905
Shelby,White,"3,182","2,719","5,434"
Sherman,Asian,1,1,2
Sherman,Black,4,4,8
Sherman,Hispanic,339,246,540
Sherman,Other,36,14,49
Sherman,Unknown,191,176,367
Sherman,White,295,227,495
Smith,Asian,"1,706","1,383","3,039"
Smith,Black,"10,453","8,872","19,003"
Smith,Hispanic,"7,924","5,843","13,471"
Smith,Other,"4,076","3,315","7,261"
Smith,Unknown,"13,287","11,484","24,430"
Smith,White,"36,885","31,826","67,032"
Somervell,Asian,33,26,59
Somervell,Black,9,8,16
Somervell,Hispanic,286,244,481
Somervell,Other,199,126,317
Somervell,Unknown,210,184,391
Somervell,White,"2,176","1,932","3,847"
Starr,Asian,32,29,58
Starr,Black,12,9,19
Starr,Hispanic,"29,181","24,781","49,105"
Starr,Other,"2,003","1,679","3,519"
Starr,Unknown,"2,268","2,001","4,061"
Starr,White,"2,296","1,873","3,830"
Stephens,Asian,27,18,42
Stephens,Black,58,26,78
Stephens,Hispanic,357,286,565
Stephens,Other,167,108,266
Stephens,Unknown,324,255,558
Stephens,White,"1,475","1,265","2,453"
Sterling,Asian,1,0,1
Sterling,Black,1,0,1
Sterling,Hispanic,118,96,211
Sterling,Other,62,52,114
Sterling,Unknown,29,10,39
Sterling,White,148,118,265
Stonewall,Asian,8,8,14
Stonewall,Black,3,3,4
Stonewall,Hispanic,54,44,90
Stonewall,Other,8,6,13
Stonewall,Unknown,88,83,171
Stonewall,White,287,257,502
Sutton,Asian,12,12,23
Sutton,Black,2,2,4
Sutton,Hispanic,624,519,"1,133"
Sutton,Other,77,57,130
Sutton,Unknown,114,101,210
Sutton,White,435,390,816
Swisher,Asian,10,7,17
Swisher,Black,65,49,97
Swisher,Hispanic,578,506,940
Swisher,Other,97,35,125
Swisher,Unknown,351,308,652
Swisher,White,896,761,"1,479"
Tarrant,Asian,"64,531","51,943","113,692"
Tarrant,Black,"89,177","70,651","155,813"
Tarrant,Hispanic,"136,203","102,634","230,446"
Tarrant,Other,"67,608","52,048","116,305"
Tarrant,Unknown,"47,062","35,867","80,361"
Tarrant,White,"407,640","348,155","738,244"
Taylor,Asian,897,705,"1,567"
Taylor,Black,"1,728","1,418","3,029"
Taylor,Hispanic,"5,992","4,901","10,526"
Taylor,Other,"2,552","2,028","4,375"
Taylor,Unknown,"10,116","9,064","19,123"
Taylor,White,"22,706","19,897","41,172"
Terrell,Black,2,1,3
Terrell,Hispanic,159,141,298
Terrell,Other,33,28,61
Terrell,Unknown,35,20,53
Terrell,White,112,94,195
Terry,Asian,13,11,24
Terry,Black,56,34,86
Terry,Hispanic,"1,131",972,"1,935"
Terry,Other,194,111,294
Terry,Unknown,"1,516","1,349","2,777"
Terry,White,920,782,"1,588"
Throckmorton,Black,1,0,1
Throckmorton,Hispanic,24,21,44
Throckmorton,Other,20,18,37
Throckmorton,Unknown,308,288,595
Throckmorton,White,184,153,324
Titus,Asian,112,79,186
Titus,Black,683,529,"1,168"
Titus,Hispanic,"2,628","1,605","4,088"
Titus,Other,623,545,"1,154"
Titus,Unknown,955,786,"1,723"
Titus,White,"3,601","2,945","6,292"
Tom Green,Asian,499,433,899
Tom Green,Black,959,839,"1,764"
Tom Green,Hispanic,"12,044","10,524","22,112"
Tom Green,Other,"1,451","1,253","2,605"
Tom Green,Unknown,"2,197","1,792","3,895"
Tom Green,White,"22,077","19,651","41,060"
Travis,Asian,"53,735","42,622","93,400"
Travis,Black,"23,188","17,377","38,614"
Travis,Hispanic,"130,681","96,272","219,980"
Travis,Other,"84,293","65,192","144,085"
Travis,Unknown,"61,883","47,528","104,357"
Travis,White,"313,975","257,735","550,023"
Trinity,Asian,18,15,29
Trinity,Black,329,267,555
Trinity,Hispanic,249,182,413
Trinity,Other,650,531,"1,141"
Trinity,Unknown,682,599,"1,251"
Trinity,White,"2,591","2,167","4,480"
Tyler,Asian,37,29,61
Tyler,Black,636,327,951
Tyler,Hispanic,211,142,343
Tyler,Other,464,213,674
Tyler,Unknown,670,595,"1,248"
Tyler,White,"3,511","2,821","6,170"
Upshur,Asian,57,51,106
Upshur,Black,757,648,"1,312"
Upshur,Hispanic,483,366,804
Upshur,Other,772,666,"1,417"
Upshur,Unknown,"1,071",882,"1,914"
Upshur,White,"5,942","5,110","10,447"
Upton,Asian,3,3,6
Upton,Black,8,7,15
Upton,Hispanic,407,348,752
Upton,Other,98,87,185
Upton,Unknown,351,314,665
Upton,White,329,245,569
Uvalde,Asian,67,62,124
Uvalde,Black,26,21,44
Uvalde,Hispanic,"4,342","3,731","7,804"
Uvalde,Other,349,299,634
Uvalde,Unknown,"1,473","1,163","2,603"
Uvalde,White,"3,800","3,200","6,756"
Val Verde,Asian,82,65,131
Val Verde,Black,99,62,144
Val Verde,Hispanic,"14,135","10,207","22,564"
Val Verde,Other,957,587,"1,529"
Val Verde,Unknown,"1,538","1,051","2,493"
Val Verde,White,"3,760","2,699","6,186"
Van Zandt,Asian,93,70,154
Van Zandt,Black,402,335,697
Van Zandt,Hispanic,941,719,"1,568"
Van Zandt,Other,786,643,"1,405"
Van Zandt,Unknown,"2,091","1,646","3,598"
Van Zandt,White,"10,140","8,670","17,682"
Victoria,Asian,567,462,"1,001"
Victoria,Black,"1,404","1,166","2,511"
Victoria,Hispanic,"9,037","7,360","15,957"
Victoria,Other,"1,369","1,013","2,318"
Victoria,Unknown,"4,911","4,348","9,129"
Victoria,White,"13,273","11,452","24,128"
Walker,Asian,365,267,600
Walker,Black,"4,298","2,140","6,118"
Walker,Hispanic,"2,734","1,891","4,196"
Walker,Other,"3,008","1,257","4,164"
Walker,Unknown,"1,547","1,216","2,662"
Walker,White,"12,399","8,419","19,422"
Waller,Asian,479,370,821
Waller,Black,"2,147","1,660","3,639"
Waller,Hispanic,"3,778","2,757","6,169"
Waller,Other,"1,364","1,020","2,324"
Waller,Unknown,845,589,"1,404"
Waller,White,"7,224","5,877","12,516"
Ward,Asian,35,25,59
Ward,Black,69,60,120
Ward,Hispanic,"1,825","1,523","3,173"
Ward,Other,261,244,496
Ward,Unknown,423,383,803
Ward,White,"1,071",922,"1,894"
Washington,Asian,258,204,458
Washington,Black,"1,263","1,007","2,187"
Washington,Hispanic,"1,220",989,"2,133"
Washington,Other,"2,295","2,011","4,282"
Washington,Unknown,"1,081",872,"1,917"
Washington,White,"7,594","6,458","13,697"
Webb,Asian,496,392,844
Webb,Black,132,91,202
Webb,Hispanic,"102,799","75,910","170,196"
Webb,Other,"7,674","5,756","12,466"
Webb,Unknown,"22,795","19,593","42,152"
Webb,White,"18,660","15,343","32,044"
Wharton,Asian,96,70,163
Wharton,Black,"1,333",993,"2,195"
Wharton,Hispanic,"4,031","2,823","6,499"
Wharton,Other,"1,749","1,368","3,030"
Wharton,Unknown,"1,053",836,"1,766"
Wharton,White,"6,245","5,101","10,512"
Wheeler,Asian,16,13,27
Wheeler,Black,8,7,14
Wheeler,Hispanic,161,123,245
Wheeler,Other,74,64,137
Wheeler,Unknown,338,288,625
Wheeler,White,818,734,"1,397"
Wichita,Asian,"1,016",841,"1,769"
Wichita,Black,"2,329","1,589","3,653"
Wichita,Hispanic,"4,340","3,531","7,336"
Wichita,Other,"3,391","2,496","5,624"
Wichita,Unknown,"7,848","6,960","14,491"
Wichita,White,"22,845","20,421","40,479"
Wilbarger,Asian,147,107,235
Wilbarger,Black,196,174,329
Wilbarger,Hispanic,744,643,"1,170"
Wilbarger,Other,113,73,172
Wilbarger,Unknown,"1,443","1,339","2,737"
Wilbarger,White,"2,112","1,984","3,606"
Willacy,Asian,19,15,34
Willacy,Black,81,14,94
Willacy,Hispanic,"6,882","5,553","12,237"
Willacy,Other,519,273,784
Willacy,Unknown,666,539,"1,201"
Willacy,White,"1,093",829,"1,868"
Williamson,Asian,"27,511","20,961","47,166"
Williamson,Black,"11,039","8,452","18,533"
Williamson,Hispanic,"41,353","30,547","69,478"
Williamson,Other,"37,782","28,475","64,566"
Williamson,Unknown,"27,711","20,421","45,840"
Williamson,White,"141,116","114,185","244,360"
Wilson,Asian,98,67,151
Wilson,Black,197,143,320
Wilson,Hispanic,"4,966","3,563","8,051"
Wilson,Other,"1,439","1,091","2,375"
Wilson,Unknown,"2,451","1,832","4,193"
Wilson,White,"8,788","6,437","14,181"
Winkler,Asian,23,23,39
Winkler,Black,32,27,55
Winkler,Hispanic,897,743,"1,537"
Winkler,Other,71,63,127
Winkler,Unknown,615,557,"1,140"
Winkler,White,559,494,961
Wise,Asian,190,144,322
Wise,Black,195,114,294
Wise,Hispanic,"2,560","1,946","4,260"
Wise,Other,"1,013",719,"1,695"
Wise,Unknown,"2,645","2,484","5,043"
Wise,White,"12,565","10,746","21,841"
Wood,Asian,102,88,176
Wood,Black,507,387,841
Wood,Hispanic,726,544,"1,178"
Wood,Other,"1,022",819,"1,809"
Wood,Unknown,"1,837","1,586","3,328"
Wood,White,"10,170","8,708","17,481"
Yoakum,Asian,9,8,16
Yoakum,Black,8,7,13
Yoakum,Hispanic,"1,270","1,032","2,020"
Yoakum,Other,94,56,148
Yoakum,Unknown,656,588,"1,198"
Yoakum,White,631,551,"1,045"
Young,Asian,27,24,47
Young,Black,39,36,70
Young,Hispanic,702,582,"1,155"
Young,Other,"1,173","1,021","2,094"
Young,Unknown,560,500,"1,030"
Young,White,"2,777","2,486","4,772"
Zapata,Asian,7,7,14
Zapata,Black,2,1,2
Zapata,Hispanic,"4,706","4,010","7,944"
Zapata,Other,645,500,"1,136"
Zapata,Unknown,654,625,"1,270"
Zapata,White,477,385,833
Zavala,Asian,11,9,20
Zavala,Black,12,9,19
Zavala,Hispanic,"3,299","2,650","5,914"
Zavala,Other,238,201,438
Zavala,Unknown,460,361,816
Zavala,White,443,355,770
Other,Asian,"11,252","6,783","17,338"
Other,Black,"10,024","6,068","15,308"
Other,Hispanic,"40,014","22,820","59,621"
Other,Other,"11,556","7,429","17,928"
Other,Unknown,"13,854","8,914","21,595"
Other,White,"63,858","40,786","98,968"
Grand Total,Total,"11,906,503","9,424,360","20,578,980"